rank,uri,artist_names,track_name,source,peak_rank,previous_rank,days_on_chart,streams
1,"spotify:track:1vdXYpwDTZFgVc1inmirQ7","GIMS, Jul","AIR FORCE BLANCHE","Play Two",1,2,16,"441834"
2,"spotify:track:4ffqxU54Ll4YRz5NVBe77w","R2","RUINART","Label Blue Sky",1,1,19,"422118"
3,"spotify:track:3e2dR2180mZlz7dIrXZVi6","Hamza","KYKY2BONDY","Just Woke Up",1,3,65,"395301"
4,"spotify:track:6ctcVdXaJKn5LVFDjMBqzc","Nono La Grinta","Paris","MPR Records",1,4,94,"391576"
5,"spotify:track:58rVY9wmIYBOzdLXygVs6i","KeBlack","Mood","Motema records",2,5,129,"355471"
6,"spotify:track:3SBBYSbzkLvx96bKzneYsF","KeBlack, Guy2Bezbar","Melrose Place","Motema records",1,6,93,"343707"
7,"spotify:track:2uBKQbVcw8G9m34lGYM6VA","GIMS","NINAO","Play Two",1,7,135,"339154"
8,"spotify:track:6hl9Tc95QrqDk4Q3uWLHls","Shaydee's, Anyme023","Shamballa","AnymCorp",8,9,107,"284292"
9,"spotify:track:6xOiC7SgWCFsipcM69jIDO","Werenoi, GIMS","Piano","Play Two",4,10,65,"283060"
10,"spotify:track:6CRb7rnmx8Mqrb8cpixcVi","SEYSEY, Bolémvn","Mia","Black Palladium Records",6,8,44,"282766"
11,"spotify:track:1i3eRYUhy28Nl0zwcQNOdZ","GIMS","APPELLE TA COPINE","Play Two",11,14,44,"257257"
12,"spotify:track:7xWvRVssTTECvWCDNgCzSH","Bleu Soleil, LUIZA","Soleil Bleu","Wagram Music / Chapter Two Records",12,12,20,"253148"
13,"spotify:track:1RiCNSkK4AfT1j8ZM4JnVs","GIMS","CIEL","Play Two",1,16,251,"243965"
14,"spotify:track:6nkFbmDY84a9rejFSbIMdj","Damso","Impardonnable","Trente-quatre centimes",2,13,38,"231950"
15,"spotify:track:2RkZ5LkEzeHGRsmDqKwmaJ","Alex Warren","Ordinary","Atlantic Records",12,19,114,"227343"
16,"spotify:track:7heoPFrtuH6JU6AcfzjWHp","Damso, SARAH SEY","Pa Pa Paw","Trente-quatre centimes",5,15,37,"218943"
17,"spotify:track:3iqcqAwtnurPNJAcvwVIyt","Jul","Mimi","D'Or et de Platine",1,18,72,"217558"
18,"spotify:track:78Y0EwVQ9kdQFTIOzr7lUd","Jul","Phénoménal","D'Or et de Platine",1,17,86,"216562"
19,"spotify:track:0fpWh7prROu1mMbNL18imc","DJ Kawest, Attachingboy","Chambre 04","Juston Records",2,28,144,"214183"
20,"spotify:track:4oVMLxxYpQLYx8gx4JjuuY","GIMS, DYSTINCT","SPIDER","Play Two",1,25,422,"211052"
21,"spotify:track:1pqKCnjkTBcAX6NyzSDahf","Charlotte Cardin","Feel Good","Parlophone (France)",6,27,175,"206916"
22,"spotify:track:7C13bFjFdELL8ioTMtVbZ5","1D1R, Vacra","Balade","Play Two",10,23,78,"205828"
23,"spotify:track:4liOLSxxEllQ61qaR4pFJL","L2B","Pélican","Universal Music Distribution Deal",2,20,142,"204874"
24,"spotify:track:15vGti1ooNZFlDUdlLukX6","Booba, SDM","Dolce Camara","Universal Music Distribution Deal",2,24,513,"204336"
25,"spotify:track:6K3q0P2b26jdHavK9iobSB","Cheu-B, Ghost Killer Track, SDM","Catalina","MGR & Big Sky Entertainment / Atlantic France",11,11,2,"200075"
26,"spotify:track:1sccu8ze6ETRiNbNH9pj5N","GIMS","SOIS PAS TIMIDE","Play Two",1,22,352,"199714"
27,"spotify:track:6bhObRBG732wGeTWWR1781","Hamza, Werenoi","DRAGONS","Just Woke Up",6,21,16,"190510"
28,"spotify:track:4GB4R2CJe5kLrjWTusDR8p","Siaka","Los Angeles","Elektra France",5,26,81,"188827"
29,"spotify:track:0QCIpQV3twfqo9kh0t8Zza","MOLIY, Silent Addy, Skillibeng, Shenseea","Shake It To The Max (FLY) - Remix","WONDERGIRL LLC",27,30,58,"183568"
30,"spotify:track:5ITV0zqzjOYfFWpW0xBmRa","WizTheMc, bees & honey","Show Me Love","Bamboo Artists",15,35,129,"175890"
31,"spotify:track:0GRc3eGTg8HBdWLRGYgqIc","Ed Sheeran","Azizam","Gingerbread Man Records / Atlantic Records UK",26,40,85,"173092"
32,"spotify:track:0QAUgW2vTmlUWhbiNeSkWm","Trinix, Mari Froes","Vaitimbora","WEA France",32,38,52,"172628"
33,"spotify:track:35ISBknsCeZQtq66xABI9g","Lola Young","Messy","Universal-Island Records Ltd.",7,37,203,"172318"
34,"spotify:track:4De1ry2yC79qVUR2So9to8","Jul","Bwo","D'Or et de Platine",13,34,178,"166470"
35,"spotify:track:1LmeIVvg4CVTu6kicEVoAr","Theodora, Jul","ZOU BISOU","Virgin Records FR LAS (S&D)",19,33,37,"166148"
36,"spotify:track:46vaBmVDzufp98VPJCwtAU","TKS 2G","Whine","SHEDWAVE RECORDS",31,31,39,"164004"
37,"spotify:track:6wggq2ikhLMnS0o1deK2Xz","Theodora","FASHION DESIGNA","Maison Neptune X NBFD",27,41,82,"155355"
38,"spotify:track:1Mzg6bu3hkCwJKEf7v49MN","SDM","CARTIER SANTOS","Universal Music Division Capitol Music France",1,32,282,"154114"
39,"spotify:track:2UntklImLREdP8pMAzr4c4","Rim'K, SDM","Run","MB",5,36,177,"151833"
40,"spotify:track:3sK8wGT43QFpWrvNQsrQya","Bad Bunny","DtMF","Rimas Entertainment LLC.",1,45,178,"149826"
41,"spotify:track:2D2JZ8FHmkyGxcGrDpWGe4","L2B","Tout Pour L'équipe","Universal Music Distribution Deal",11,42,84,"142843"
42,"spotify:track:5dIRTiXv2EkCHARwxGxhMl","Barth","Code","Nirvana Studio",38,44,31,"141142"
43,"spotify:track:1nIDA3rO6m1AeIeCs5xJJ7","Djadja & Dinaz","Tu Sais","Carré music",24,39,18,"140686"
44,"spotify:track:73scB4Q4fcOmnsBVZPmk32","KAROL G","Si Antes Te Hubiera Conocido","Bichota/Interscope Records",15,47,373,"140246"
45,"spotify:track:4TwEdnSiTPDR1vg1QZ5K8W","David Guetta, Sia","Beautiful People","Atlantic Records UK",40,51,108,"139278"
46,"spotify:track:3LPLRNr58Z9Pn0clnEtkXb","Doechii","Anxiety","Top Dawg Entertainment/Capitol Records",7,56,122,"135242"
47,"spotify:track:35M3SV65wTPKwFbgVKFfyE","GIMS, KeBlack","TOUCHÉ","Play Two",9,49,86,"134950"
48,"spotify:track:3Byu179ofnuChb4zF1fMhu","Werenoi","Pétunias","AllPoints",2,46,275,"133486"
49,"spotify:track:6C0SXfD7rR46MpWK5VJSEw","Tiakola, Ryflo, Oskoow","MANON B","M3lo World / Atlantic Records",1,48,310,"129614"
50,"spotify:track:4w1If4bKokGKGMGxfxRE8j","Theodora, Guy2Bezbar","PAY!","Virgin Records FR LAS (S&D)",17,53,72,"127666"
51,"spotify:track:5Pbfz4snuJNXoyK0Iu5Atc","La Mano 1.9, Tiakola","Crime ensoleillé","Universal Music Distribution Deal",28,43,9,"125701"
52,"spotify:track:5xjZayFgMiq4WYSfAp7LKy","OBOY, SCH","Saint Laurent","ROSA HERY",29,29,2,"122793"
53,"spotify:track:6hKkzk8UlVUj9ioPCyeH1O","Jul","Sous la lune","D'Or et de Platine",2,54,302,"120268"
54,"spotify:track:4wJ5Qq0jBN4ajy7ouZIV1c","ROSÉ, Bruno Mars","APT.","Atlantic Records",2,88,261,"119534"
55,"spotify:track:2iEXkEB32esmNExcEyKjKc","Guy2Bezbar","Monaco","Blue Magic Corp",3,63,351,"118845"
56,"spotify:track:32OJwqSyxds8PLefK8VLAp","Hamza, Rema","TOXIC","Just Woke Up",9,50,16,"118725"
57,"spotify:track:22skzmqfdWrjJylampe0kt","Macklemore, Ryan Lewis, Macklemore & Ryan Lewis, Ray Dalton","Can't Hold Us (feat. Ray Dalton)","Macklemore",8,73,1500,"118108"
58,"spotify:track:7arCRGABaKdEFvGa3gCM9d","Aya Nakamura, Joé Dwèt Filé","Baddies","Nakamura Industrie",8,59,52,"117496"
59,"spotify:track:4WFgvKVfEhb3IUAFGrutTR","Ravyn Lenae","Love Me Not","Atlantic Records",53,66,52,"116734"
60,"spotify:track:1LVcP0l8OSboArtcE2ycol","RIDSA","Me Enamore","Play Two",60,70,49,"116718"
61,"spotify:track:5TFD2bmFKGhoCRbX61nXY5","Bad Bunny","NUEVAYoL","Rimas Entertainment LLC.",10,69,180,"116268"
62,"spotify:track:58b4qoGKqRLGvVvRWnsj99","La Mano 1.9, SDM","SWAT","Universal Music Distribution Deal",55,75,9,"116081"
63,"spotify:track:10WWosq6z75o3WGRjL4v2D","DJ Snake, Bipolar Sunshine","Paradise (with Bipolar Sunshine)","DJ Snake Music Productions Limited",63,76,40,"112534"
64,"spotify:track:4mNttG8qiVh4BKrMUrUhCI","Dr. Yaro","Minimum ça","ELEVA PROD / WARNER MUSIC FRANCE",4,72,304,"112425"
65,"spotify:track:6Rt09PJSCfxEpx83G4ftr4","La Mano 1.9","Sexy Woman","Universal Music Distribution Deal",9,55,156,"112186"
66,"spotify:track:3MVTefqbeNX5yHFOmnHy3X","Ninho","Un Poco","Rec. 118 / Mal Luné Music",6,61,504,"110924"
67,"spotify:track:4ooqTbjU8YF488u6WEV8v2","Tiakola, Genezio","MBIFE","M3lo World / Atlantic Records",21,52,16,"109390"
68,"spotify:track:0LbuSkJMsSFTKCvGSweQQ4","Hamza","Mi Amor","Just Woke Up",26,79,112,"108872"
69,"spotify:track:2hZR5g8Z5GeGL2HuNlUhgj","TKS 2G","Celibataire Polygame","SHEDWAVE RECORDS",13,64,103,"108587"
70,"spotify:track:0qlYaRFGvgR6afy1f4BBwD","Gazo","NANANI NANANA","BSB PROD",1,65,219,"108218"
71,"spotify:track:3xkHsmpQCBMytMJNiDf3Ii","Benson Boone","Beautiful Things","Night Street Records, Inc./Warner Records Inc.",1,89,534,"107948"
72,"spotify:track:1n7fqc4bQcxIyxZP2IXVbg","Jul, Jimmy Sax","Ibiza","D'Or et de Platine",13,62,149,"107906"
73,"spotify:track:0Jh6iWjna1wk5le0Ahn7No","Ninho","La vie qu'on mène","Rec. 118 / Mal Luné Music",2,67,2298,"107817"
74,"spotify:track:71GABxN1QMc3RbtKqhYvXb","Damiano David","Next Summer","Sony Music Italy / Arista Records",60,87,94,"107254"
75,"spotify:track:18m3o2kmvnYJn2cCOZ4LD9","Youssoupha, Noémie","On se connaît","Bomaye musik",75,82,282,"107136"
76,"spotify:track:2NcvQ8N9ugSMforAJT0A4Y","Jungeli, Imen Es, Alonzo, Abou Debeing, Lossa","Petit génie","Universal Music Distributed Labels",1,97,702,"106995"
77,"spotify:track:6WfnzeciIa1Ta661GY9hue","Ninho","Vrais","Rec. 118 / Mal Luné Music",14,74,228,"106379"
78,"spotify:track:1mvzvLW9nFujgS2VNKnToJ","TRIANGLE DES BERMUDES, MC YOSHI, Mauvais djo, Kokosvoice","Charger","YPDP",78,84,14,"105130"
79,"spotify:track:2yWlGEgEfPot0lv3OAjuG3","Tate McRae, F1 The Album","Just Keep Watching (From F1® The Movie)","Atlantic Records",51,78,25,"104762"
80,"spotify:track:0SKNkEMV313mE6oYsgVCgm","Jul","J'oublie tout","Liga One Industry",21,77,732,"104291"
81,"spotify:track:5kfAx6phDHPpz5g8IAPyc2","Werenoi","Chemin d'or","PLR Music / PGP Records / Allpoints",4,80,829,"104134"
82,"spotify:track:7eqwODSSwRSniktCjCXZyW","Theodora, Jeez Suave","KONGOLESE SOUS BBL","Maison Neptune X NBFD",6,93,246,"103674"
83,"spotify:track:6Ut71PoNsLM9ubj5uLI7m4","La Mano 1.9","Businessman","Universal Music Distribution Deal",48,68,49,"102516"
84,"spotify:track:2z70eIuSE6pc4xz1WGhis2","Jungeli, Lenie","À tes côtés","Universal Music Distributed Labels",51,99,84,"101977"
85,"spotify:track:7hAUTQdzJTmpW5lN7mrbzE","L2B","Movie","Universal Music Distribution Deal",58,91,193,"101852"
86,"spotify:track:1y7dY7Xu4nWM4SK2dEnoAT","Damso, Kalash","Alpha","Trente-quatre centimes",1,71,233,"101742"
87,"spotify:track:2BZiF6AnKXAv2RBG3qUnAX","Tiakola, Genezio, Landy","CATIMINI","M3lo World / Atlantic Records",34,58,16,"101643"
88,"spotify:track:5jX61gvbNenSDMldQrbtsU","SDM","POUR ELLE","Universal Music Division Capitol Music France",1,86,282,"100225"
89,"spotify:track:2lCkncy6bIB0LTMT7kvrD1","J Balvin","Azul","UMLE - Latino",89,106,23,"100142"
90,"spotify:track:1CZ9GgZQpkWmOpXDVC3mOp","VEN1","Hakayet","NOUVO MONDE",4,95,441,"100056"
91,"spotify:track:4lkyaoULeHxX2ga6BGlqmw","KeBlack","Aucune attache","Motema records",4,98,468,"99359"
92,"spotify:track:66ku4Gq4k5xUqdVL4Oam2r","Werenoi","Poney","PLR Music / PGP Records",4,83,86,"98648"
93,"spotify:track:2WQ09wqQBIOor7Q0VpIDBK","Black Eyed Peas","Rock That Body","Interscope",77,94,26,"98319"
94,"spotify:track:1aLHvqPB5CxGYzhJB7Hzo1","marguerite","les filles, les meufs","Columbia",54,108,79,"98116"
95,"spotify:track:0EzNyXyU7gHzj2TN8qYThj","SDM","Bolide allemand","92i / Capitol Music France",1,103,947,"96509"
96,"spotify:track:5tjcfD27bNYQiYObzIo9Ig","Jeck, Carla","M'envoler","Play Two",40,112,155,"95956"
97,"spotify:track:7wOgZ1otoKYDvKyQKP1sNZ","Werenoi","Laboratoire","PLR Music / PGP Records / Allpoints",7,90,849,"95818"
98,"spotify:track:2ipIPsgrgd0j2beDf4Ki70","Benson Boone","Mystical Magical","Night Street Records, Inc./Warner Records Inc.",98,116,13,"95748"
99,"spotify:track:2LHNTC9QZxsL3nWpt8iaSR","Lady Gaga","Abracadabra","Interscope Records",12,115,153,"93792"
100,"spotify:track:4XjlNoFMggD2LK9WkCjkII","Guy2Bezbar, Killa Predator","La jeunesse dorée (feat. Killa Predator)","Blue Magic Corp",100,130,8,"93095"
101,"spotify:track:7dzuYJwwtNnfcptmbD58aJ","Joé Dwèt Filé","4 Kampé","Play Two",5,101,254,"92427"
102,"spotify:track:4wNyrbY6B2Okii8VeKo2B2","Tiakola","Meuda","Wati-B",1,100,989,"92365"
103,"spotify:track:6eyghhEYVokzeUZnYmCxjI","Josas","Pichichi","Universal Music Distribution Deal",13,104,99,"92093"
104,"spotify:track:1CPZ5BxNNd0n0nF4Orb9JS","HUNTR/X, EJAE, AUDREY NUNA, REI AMI, KPop Demon Hunters Cast","Golden","K-Pop Demon Hunters",87,102,11,"91416"
105,"spotify:track:5oePa8PlOTPAlRaGs2OZ3A","Ninho","Putana","Rec. 118 / Mal Luné Music",3,107,1589,"91292"
106,"spotify:track:2CuHhG84kn5MbnDBnYSVYp","L2B, iDS, SDM","David Douillet","Universal Music Distribution Deal",30,85,23,"90382"
107,"spotify:track:5I2FIj9EDp0Fz32CJ9lZNF","Jul","Tu la love","Liga One Industry",32,105,429,"90364"
108,"spotify:track:2GJuXOJJEemxrTuKXyR23P","13 Block","Mood","Elektra France",75,109,11,"89567"
109,"spotify:track:5nPbKG04fhLkIAjcPFaZq7","HUGEL, Topic, Arash, Daecolm","I Adore You (feat. Daecolm)","Intercord",81,123,205,"88877"
110,"spotify:track:5BII2RgPk98nXOajxZrODH","Karmen, PLK","ALICANTE","Play Two",39,113,71,"88077"
111,"spotify:track:4g0kyRLFKBYFxDF1vCxj8v","Sexion d'Assaut","Wati by Night","Jive Epic",65,142,304,"87501"
112,"spotify:track:2a1o6ZejUi8U3wzzOtCOYw","Don Omar, Lucenzo","Danza Kuduro","UMLE - Machete",50,140,565,"87412"
113,"spotify:track:5AUm2Uy54KJXu0IxdDzOaq","La Rvfleuze","P.I.B","SERRURE RECORDS",99,132,29,"86961"
114,"spotify:track:7so0lgd0zP2Sbgs2d7a1SZ","Lady Gaga, Bruno Mars","Die With A Smile","Interscope Records",5,125,324,"86531"
115,"spotify:track:17jlkHSNHFu1zUuu8QZyOW","Dinos","Placebo","SPKTAQLR",21,81,1050,"85711"
116,"spotify:track:1BJJbSX6muJVF2AK7uH1x4","Adam Port, Stryv, Keinemusik, Orso, Malachiii","Move","Keinemusik",14,138,311,"85093"
117,"spotify:track:6CRTGadOztkonI7EDxYNeP","Booba","Ridin'","Universal Music Distribution Deal",2,110,335,"84722"
118,"spotify:track:7CUAGxYmpmSJv9pbLgqVjy","Jok'air, Chilla, Yseult","Nos souvenirs","Play Two",52,133,134,"84585"
119,"spotify:track:6dOtVTDdiauQNBQEDOtlAB","Billie Eilish","BIRDS OF A FEATHER","Darkroom/Interscope Records",12,124,415,"83859"
120,"spotify:track:5zsyMNVs7jVSW2AJwDzN9n","Lebeey","A La Waneguaine","KALEMEWA PROD",105,122,15,"83354"
121,"spotify:track:7zPIPJKmtJxK6CpVOntCxL","KeBlack, Franglish","Boucan","Motema records",2,117,435,"82588"
122,"spotify:track:6adxmK6P4PkfsQvq02suYT","Marine","Coeur maladroit","Columbia",67,145,3,"82525"
123,"spotify:track:4i7Ck0jXJc0az9i8yOI9FJ","HOUZ, HDPRK, G29","Margiela","ALPHA RECORDS",119,131,18,"82456"
124,"spotify:track:3C0AfnuQGVmW9ww5mnBypl","Carbonne","Imagine","Play Two",1,120,429,"82214"
125,"spotify:track:6e1T28Wkr7r8xciTXcwhKJ","Werenoi, Damso, Ninho","Triple V","PLR Music / PGP Records",1,111,86,"81821"
126,"spotify:track:7ifFhxRIvYbe4IuzIkY2Qi","Bouss","Ça parle mal","Le Grand Carré / Level Up Music",3,121,312,"81068"
127,"spotify:track:2wAmparvQdtQemzY9I8PKv","Don Miguelo","Y Que Fue?","EMDP Music",99,143,27,"80983"
128,"spotify:track:3LK81r3yptHlliNgLBo1UC","Hamza","Murder","Just Woke Up",19,129,381,"80870"
129,"spotify:track:2esZG2XFtuoWWA9AfDvSxy","FloyyMenor, Cris MJ","Gata Only","FloyyMenor under exclusive license to UnitedMasters LLC",1,134,452,"80681"
130,"spotify:track:7jtQIBanIiJOMS6RyCx6jZ","Tom Odell","Another Love","ITNO/Columbia",15,135,1430,"79920"
131,"spotify:track:7dQieA4pEOUV2G9s3jkEX6","La Hasba22","BARCOLA","022 RECORDS",44,126,108,"79901"
132,"spotify:track:6eWAWHm0cuOaPGDWhoLJ7s","Myles Smith","Nice To Meet You","RCA Records Label",51,153,176,"79556"
133,"spotify:track:2HRqTpkrJO5ggZyyK6NPWz","Sabrina Carpenter","Espresso","Island Records",7,156,448,"79247"
134,"spotify:track:72RjC359lcwhf1cON9ppls","Enrique Iglesias, Pitbull, IAmChino","Tamo Bien","Mr. 305 Records",134,166,6,"78852"
135,"spotify:track:6JCjcuo4VKAP4bHhbHj6fe","Tiakola, Genezio, Prototype","PONA NINI","M3lo World / Atlantic Records",6,128,289,"78272"
136,"spotify:track:7sGKXFxcDp0SD1hDk6rWH4","Damso","Love is blind","Trente-quatre centimes",5,114,38,"77878"
137,"spotify:track:3BntzKsnLf2pc0dsvE3Zav","Teddy Swims","Bad Dreams","Warner Records",19,154,238,"77743"
138,"spotify:track:1Rn5zyHq4ocm7L5LSplVAB","Guy2Bezbar, La Mano 1.9","Jerrican (feat. La Mano 1.9)","Blue Magic Corp",34,139,131,"77267"
139,"spotify:track:51OxkEhk8CwEhBl6xxJn2L","Niro, Gazo","Plus pareil (feat. Gazo)","Ambition Music",60,60,2,"76536"
140,"spotify:track:0FTmksd2dxiE5e3rWyJXs6","sombr","back to friends","Warner Records",125,172,43,"76466"
141,"spotify:track:5PYjKcfxLccf3aHwUv0XcY","Genezio, La Mano 1.9","EL GEMANO","Play Two",30,127,335,"76341"
142,"spotify:track:08VceLSSJJ83Yz3NTCyxZC","Gabry Ponte, Greg Taro","Exotica","Signatune",132,168,70,"76290"
143,"spotify:track:2ewjMyCbNv2X1dB2qIDCwD","Damso","Θ. Macarena","Universal Music Division Carthage Music",1,161,2271,"76116"
144,"spotify:track:1DVdbIySidKt0RdRrh7gg1","kulturr, Leto","Busy","Elektra France",144,174,2,"76052"
145,"spotify:track:17phhZDn6oGtzMe56NuWvj","Teddy Swims","Lose Control","Warner Records",5,159,604,"75914"
146,"spotify:track:0pqnGHJpmpxLKifKRmU6WP","Imagine Dragons","Believer","Kid Ina Korner / Interscope",10,146,473,"75600"
147,"spotify:track:4bZOVCf1wiNELuCH34rFDl","KeBlack","Complètement sonné","Mukongo Business",7,137,419,"75462"
148,"spotify:track:0doFYnqgcStWu1Emh8DTVo","Helena","Mauvais Garçon","RCA Group",17,152,228,"74956"
149,"spotify:track:2VG1CTjLisEdfMOwOEuf4e","Djadja & Dinaz","Avancer","Carré music",45,119,9,"74799"
150,"spotify:track:1jvQAjRx2FsAZ16ZFLQEt4","L2B, KLN","Overbooking","Universal Music Distribution Deal",79,144,98,"74570"
151,"spotify:track:36kPlvgOwqbdMqMyeioRJN","Tiakola, Rsko, Hamza","1h55","M3lo World / Atlantic Records",10,136,143,"74465"
152,"spotify:track:4kLLWz7srcuLKA7Et40PQR","Black Eyed Peas","I Gotta Feeling","Interscope",27,169,47,"74116"
153,"spotify:track:5p3SJ3CYqrmFbboAtfNo5n","David Guetta, Kid Cudi","Memories (feat. Kid Cudi)","Parlophone (France)",12,-1,68,"73969"
154,"spotify:track:1mea3bSkSGXuIRvnydlB5b","Coldplay","Viva La Vida","Parlophone UK",42,200,640,"73874"
155,"spotify:track:0Wr98MVkENZXddiLB3bPb0","Louise Attaque","J't'emmène au vent","Universal Music Division Barclay",20,-1,1129,"73054"
156,"spotify:track:0xVMWYKYXKpiKqejjCIMDQ","Werenoi, Damso","Pyramide","AllPoints",1,141,483,"72953"
157,"spotify:track:7a3UKr4pcRFcWTxxBq4MOP","VEN1, Ramos.","Vanilla","NOUVO MONDE",10,167,301,"72429"
158,"spotify:track:6NHSjS7gdrpjvr0SaNYNNd","Soolking, Gazo","Casanova","Universal Music MENA Distributed Labels",1,-1,589,"72363"
159,"spotify:track:60oUKjWNuBEl0X0IaLuVHL","La Fouine, Ninho","Etat des lieux - Part 1","Play Two",14,148,86,"72296"
160,"spotify:track:2hndzMd89P8nEG4jTRurPk","RnBoi","BTRD","DOUBLE JEU RECORDS",98,170,8,"72239"
161,"spotify:track:4Q0qVhFQa7j6jRKzo3HDmP","Ed Sheeran","Sapphire","Gingerbread Man Records / Atlantic Records UK",93,178,9,"72007"
162,"spotify:track:0goer5e8B6SJaTV2B51k6f","Jul","La bandite","D'Or et de Platine",5,163,945,"71542"
163,"spotify:track:1Lulg5ZiMEXy3QNwb1PB8I","Ninho","Zipette","Rec. 118 / Mal Luné Music",3,164,825,"71305"
164,"spotify:track:7CVQNimiTPLHTu4ZM7pv7s","Lacrim","No lo sé","PLATA O PLOMO",4,160,364,"70888"
165,"spotify:track:3a9TMd2Yrza6HXqqlfMtfy","GIMS","Est-ce que tu m'aimes ? - Pilule bleue","Jive Epic",113,194,131,"70217"
166,"spotify:track:2JVPQ5VbURgorwJH0LPAeS","Landy","Cantona","AllPoints",98,165,37,"69815"
167,"spotify:track:2UC5XnHA1Wn9FjQmbjNca9","Indochine","L'aventurier","Indochine Records",38,-1,100,"69806"
168,"spotify:track:1frmYvoVtyFlGypiapnkrX","Kalash, Gazo","Tu le sais","Play Two",20,181,468,"69301"
169,"spotify:track:1xLCwgQcF6bKncTJmRGGws","SDM","Mr. Ocho","92i / Capitol Music France",4,186,725,"68743"
170,"spotify:track:6393yGahSJ9slVdOwSxOVR","Chappell Roan","Pink Pony Club","Chappell Roan PS/ Island",158,-1,33,"68506"
171,"spotify:track:6uqUEyqPScFznadOkI7Nvm","Jul","Un jour, je l'aurai","D'Or et de Platine",11,158,233,"67719"
172,"spotify:track:2ra1pj3XAdcvUl73lQhTyg","La Mano 1.9","I'm Sorry","Universal Music Distribution Deal",13,147,280,"67498"
173,"spotify:track:6iOndD4OFo7GkaDypWQIou","W Sound, Beéle, Ovy On The Drums","La Plena - W Sound 05","WEA Latina",173,193,4,"67480"
174,"spotify:track:5qaEfEh1AtSdrdrByCP7qR","Imagine Dragons","Demons","Kid Ina Korner / Interscope",90,176,314,"67354"
175,"spotify:track:7ih7pYSRZgWCTXuOmrnXjX","Fantomel, Kate Linn","Dame Un Grrr","Creator Records under exclusive license to Universal Music Romania",175,198,2,"67309"
176,"spotify:track:2qIj2igCag4Rm1tmxYdhO0","Rim'K, Ninho","Air Max","MB",1,-1,688,"67162"
177,"spotify:track:1A6AH7Rq1x4mDCUF9HmJt9","Soolking, GIMS","CARRÉ OK","Universal Music MENA Distributed Labels",16,-1,201,"66840"
178,"spotify:track:0CJ31BEjjl1tPIj0CKi9kH","GIMS, Niska","Sapés comme jamais (feat. Niska) - Pilule bleue","Jive Epic",77,-1,10,"66765"
179,"spotify:track:3Vr3zh0r7ALn8VLqCiRR10","Myles Smith","Stargazing","RCA Records Label",29,-1,211,"66620"
180,"spotify:track:3rIX5DA9rUk89KUOZdGFaN","Werenoi","Tu connais","AllPoints",7,177,651,"66507"
181,"spotify:track:2XMB8dYSzGeFlvSqOOQlqA","Djadja & Dinaz","En Vrai de Vrai","Carré music",73,155,20,"66334"
182,"spotify:track:6ldD5Cg0Zv7s7bLLlzqD11","Landy, MC Menor JP","Coachella","AllPoints",78,149,16,"66073"
183,"spotify:track:01Se0GVDfC3N0hGHWheo21","Soolking, Ninho","C'est Fort","Universal Music MENA Distributed Labels",82,162,10,"65902"
184,"spotify:track:7d391WfC0HtftRcetDFQUy","PLK","Nouvelles","Panenka Music",3,190,751,"65683"
185,"spotify:track:1wrVWI9VExFCUFl8c4cWKI","Bormin’","Break Your Heart","Wagram Music / 3ème Bureau",185,-1,3,"65463"
186,"spotify:track:2PWJx5FwMrMVEaTjwYait1","Favé, Gazo","FLASHBACK","109 Record / Morning Glory Music / Believe",2,179,592,"65196"
187,"spotify:track:2SUMDRvZtr9w0Qhi2OwDLz","Jul","En Y","D'Or et de Platine",62,180,101,"64870"
188,"spotify:track:7v8xMXZUe3ZPzke2tjZnO1","Booba, Benash","Validée","Universal Music Distribution Deal",126,-1,119,"64657"
189,"spotify:track:1I37Zz2g3hk9eWxaNkj031","Saja Boys, Andrew Choi, Neckwav, Danny Chung, KEVIN WOO, samUIL Lee, KPop Demon Hunters Cast","Your Idol","K-Pop Demon Hunters",158,187,6,"64513"
190,"spotify:track:69UB9UIfNEAyyIXyiioSzP","Hamza","YESTERDAY","Just Woke Up",46,171,16,"64437"
191,"spotify:track:2CLe4twLMtjKwWzRYzGaIA","Niska, Rako, Brigi, Trafiquinte, Madrane","Matuidi Charo (PSG)","Universal Music Division Capitol Music France",64,183,23,"64407"
192,"spotify:track:6P3HLPsc5pWu3sZYxL0S9N","SANTA","Recommence-moi","999 Productions / Parlophone",11,-1,405,"64079"
193,"spotify:track:1JSTJqkT5qHq8MDJnJbRE1","The Police","Every Breath You Take","Polydor Records",14,-1,327,"63923"
194,"spotify:track:6OZ0yjdc8QQPxnQ2T6lGlg","Jul, Shay","Pim pom","D'Or et de Platine",31,192,149,"63919"
195,"spotify:track:6yqwxY8qifBBhyryjZutxk","Gazo, Tiakola","MAMI WATA","BSB PROD",2,173,565,"63825"
196,"spotify:track:2uXlHCUbq9OMUwx3hrk06o","Vance Joy","Riptide","Atlantic Records",54,-1,569,"63577"
197,"spotify:track:3RXUgPNIbUgFxsDWuBQEt6","HUNTR/X, EJAE, AUDREY NUNA, REI AMI, KPop Demon Hunters Cast","How It’s Done","K-Pop Demon Hunters",151,195,6,"63488"
198,"spotify:track:2Os26puFcTLXTsap0Wasmm","Vacra, PLK","Confidences","Universal Music Division Carthage Music",7,175,314,"63401"
199,"spotify:track:6BPcUXYERAahpunmb0AovH","Arcane, Stromae, Pomme","Ma Meilleure Ennemie (from the series Arcane League of Legends)","Riot Games",1,-1,221,"63226"
200,"spotify:track:6Wpgf0xNuBIUpJF2uH7swL","Booba","92i veyron","Universal Music Distribution Deal",37,118,301,"63147"
