date,song_name,rank,streams,previous_rank,peak_rank,total_days
2017-01-01,I Don’t Wanna Live Forever (Fifty Shades Darker),140,18368,,,1
2017-01-21,I Don’t Wanna Live Forever (Fifty Shades Darker),25,68971,23,,2
2017-02-10,I Don’t Wanna Live Forever (Fifty Shades Darker),7,107352,7,,3
2017-03-01,I Don’t Wanna Live Forever (Fifty Shades Darker),2,118608,2,,4
2017-03-19,I Don’t Wanna Live Forever (Fifty Shades Darker),2,99184,3,,5
2017-04-06,I Don’t Wanna Live Forever (Fifty Shades Darker),14,76968,12,,6
2017-04-24,I Don’t Wanna Live Forever (Fifty Shades Darker),19,63706,16,,7
2017-05-12,I Don’t Wanna Live Forever (Fifty Shades Darker),80,44007,67,,8
2017-06-03,I Don’t Wanna Live Forever (Fifty Shades Darker),107,28492,89,,9
2017-06-24,I Don’t Wanna Live Forever (Fifty Shades Darker),168,22428,151,,10
2017-07-13,I Don’t Wanna Live Forever (Fifty Shades Darker),176,21578,154,,11
2017-07-24,I Don’t Wanna Live Forever (Fifty Shades Darker),190,17801,192,,12
2017-08-01,I Don’t Wanna Live Forever (Fifty Shades Darker),159,18677,162,,13
2017-08-20,I Don’t Wanna Live Forever (Fifty Shades Darker),194,15614,,,14
2017-08-25,Look What You Made Me Do,23,63695,,,1
2017-08-28,I Don’t Wanna Live Forever (Fifty Shades Darker),180,18786,,,15
2017-09-07,Look What You Made Me Do,15,74314,18,,2
2017-09-07,...Ready For It?,96,29167,104,,1
2017-09-07,I Don’t Wanna Live Forever (Fifty Shades Darker),160,19769,173,,16
2017-09-10,I Don’t Wanna Live Forever (Fifty Shades Darker),196,17633,,,17
2017-09-18,I Don’t Wanna Live Forever (Fifty Shades Darker),195,18268,,,18
2017-09-25,Look What You Made Me Do,72,44740,64,,3
2017-10-13,Look What You Made Me Do,83,42973,80,,4
2017-10-20,Gorgeous,154,28733,,,1
2017-10-24,Gorgeous,200,21851,,,2
2019-04-28,ME! (feat. Brendon Urie of Panic! At The Disco),31,89670,32,,1
2019-05-19,ME! (feat. Brendon Urie of Panic! At The Disco),128,37749,119,,2
2019-06-14,You Need To Calm Down,147,51074,,,1
2019-06-17,You Need To Calm Down,168,42185,,,2
2019-06-27,You Need To Calm Down,177,44656,,,3
2019-07-18,You Need To Calm Down,195,35427,,,4
2019-08-03,You Need To Calm Down,146,43520,146,,5
2019-08-08,You Need To Calm Down,196,33846,,,6
2019-08-21,You Need To Calm Down,156,40703,153,,7
2019-08-23,Lover,160,43428,,,1
2019-08-23,The Man,161,43362,,,1
2019-09-12,You Need To Calm Down,198,35545,170,,8
2020-07-24,cardigan,119,60242,,,1
2020-12-11,willow,119,61231,,,1
2020-12-24,Christmas Tree Farm,150,79724,,,1
2021-02-12,Love Story (Taylor’s Version),174,43367,,,1
2021-11-15,All Too Well (10 Minute Version) (Taylor's Version) (From The Vault),172,44619,,,1
2021-12-31,Shake It Off,117,94241,,,1
2022-10-21,Anti-Hero,23,149835,,,1
2022-10-21,Lavender Haze,40,122196,,,1
2022-10-21,Snow On The Beach (feat. Lana Del Rey),42,121258,,,1
2022-10-21,Maroon,56,107751,,,1
2022-10-21,"You're On Your Own, Kid",63,98907,,,1
2022-10-21,Midnight Rain,70,93133,,,1
2022-10-21,Vigilante Shit,78,89621,,,1
2022-10-21,Question...?,85,86850,,,1
2022-10-21,Karma,93,82321,,,1
2022-10-21,Bejeweled,103,78303,,,1
2022-10-21,Labyrinth,118,72556,,,1
2022-10-21,Mastermind,135,67127,,,1
2022-10-21,Sweet Nothing,136,66953,,,1
2022-10-28,Anti-Hero,79,92980,55,,2
2022-11-01,Snow On The Beach (feat. Lana Del Rey),193,41263,,,2
2022-11-02,Lavender Haze,195,45902,,,2
2022-11-17,Anti-Hero,74,82013,78,,3
2022-12-07,Anti-Hero,139,65048,120,,4
2022-12-26,Anti-Hero,130,59996,,,5
2022-12-31,Shake It Off,106,105638,,,2
2023-09-01,Cruel Summer,156,59504,,,1
2023-09-08,Cruel Summer,116,73449,140,,2
2023-10-11,Cruel Summer,187,52711,,,3
2023-10-27,Style (Taylor's Version),43,111417,,,1
2023-10-27,"""Slut!"" (Taylor's Version) (From The Vault)",52,104493,,,1
2023-10-27,Blank Space (Taylor's Version),61,98074,,,1
2023-10-27,Say Don't Go (Taylor's Version) (From The Vault),68,94961,,,1
2023-10-27,Welcome To New York (Taylor's Version),76,90852,,,1
2023-10-27,Out Of The Woods (Taylor's Version),77,89852,,,1
2023-10-27,Is It Over Now? (Taylor's Version) (From The Vault),82,86712,,,1
2023-10-27,Now That We Don't Talk (Taylor's Version) (From The Vault),88,85745,,,1
2023-10-27,Shake It Off (Taylor's Version),102,77710,,,1
2023-10-27,Suburban Legends (Taylor's Version) (From The Vault),110,74922,,,1
2023-10-27,Wildest Dreams (Taylor's Version),113,74516,,,1
2023-10-27,All You Had To Do Was Stay (Taylor's Version),114,74423,,,1
2023-10-27,Bad Blood (Taylor's Version),125,71906,,,1
2023-10-27,I Wish You Would (Taylor's Version),146,65798,,,1
2023-10-27,New Romantics (Taylor's Version),152,63992,,,1
2023-10-27,Clean (Taylor's Version),173,59726,,,1
2023-10-27,How You Get The Girl (Taylor's Version),175,59415,,,1
2023-10-27,I Know Places (Taylor's Version),182,58411,,,1
2023-10-27,Wonderland (Taylor's Version),200,55521,,,1
2023-10-29,Now That We Don't Talk (Taylor's Version) (From The Vault),196,43404,,,2
2023-11-13,Cruel Summer,168,50394,,,4
2023-11-20,Cruel Summer,200,47313,,,5
2023-11-28,Cruel Summer,177,50092,,,6
2023-11-29,You’re Losing Me (From The Vault),123,63785,,,1
2023-12-04,Cruel Summer,188,51189,,,7
2023-12-19,Cruel Summer,197,53681,,,8
2023-12-26,Cruel Summer,168,57832,,,9
2023-12-31,Cruel Summer,192,81826,133,,10
2024-01-19,Cruel Summer,61,133171,70,,11
2024-02-07,Cruel Summer,47,133471,48,,12
2024-02-25,Cruel Summer,48,112066,47,,13
2024-03-15,Cruel Summer,50,125894,41,,14
2024-04-02,Cruel Summer,61,103422,56,,15
2024-04-20,Fortnight (feat. Post Malone),38,160377,11,,1
2024-04-20,Cruel Summer,61,114383,71,,16
2024-04-20,My Boy Only Breaks His Favorite Toys,69,104566,33,,1
2024-04-20,"So Long, London",73,103527,35,,1
2024-04-20,The Tortured Poets Department,86,98963,28,,1
2024-04-20,Down Bad,89,98765,38,,1
2024-04-20,I Can Do It With a Broken Heart,103,90202,56,,1
2024-04-20,But Daddy I Love Him,116,85085,49,,1
2024-04-20,Florida!!! (feat. Florence + The Machine),127,82014,52,,1
2024-04-20,Who’s Afraid of Little Old Me?,130,80915,57,,1
2024-04-20,Guilty as Sin?,170,69806,62,,1
2024-04-20,Fresh Out The Slammer,184,66972,60,,1
2024-04-20,loml,197,65408,74,,1
2024-05-08,Fortnight (feat. Post Malone),57,118716,57,,2
2024-05-08,Cruel Summer,116,80081,122,,17
2024-05-10,I Can Do It With a Broken Heart,132,77675,,,2
2024-05-13,Who’s Afraid of Little Old Me?,183,56708,,,2
2024-05-13,Down Bad,184,56439,,,2
2024-05-26,Fortnight (feat. Post Malone),67,96802,69,,3
2024-05-26,Cruel Summer,127,70798,137,,18
2024-06-17,Fortnight (feat. Post Malone),63,97794,68,,4
2024-06-17,Cruel Summer,89,83396,88,,19
2024-07-07,Fortnight (feat. Post Malone),76,83445,73,,5
2024-07-07,Cruel Summer,149,61883,143,,20
2024-07-28,Cruel Summer,190,54236,,,21
2024-08-16,Cruel Summer,192,59685,,,22
2024-08-18,Cruel Summer,193,53317,,,23
2024-08-29,Cruel Summer,188,62039,,,24
2024-09-03,Cruel Summer,181,54730,178,,25
2025-10-03,The Fate of Ophelia,2,476365,,,1
2025-10-03,Elizabeth Taylor,5,323455,,,1
2025-10-03,Opalite,8,310631,,,1
2025-10-03,Father Figure,14,273554,,,1
2025-10-03,Eldest Daughter,18,253378,,,1
2025-10-03,CANCELLED!,20,249570,,,1
2025-10-03,Actually Romantic,21,243248,,,1
2025-10-03,The Life of a Showgirl (feat. Sabrina Carpenter),22,241988,,,1
2025-10-03,Ruin The Friendship,23,237680,,,1
2025-10-03,Wi$h Li$t,27,230260,,,1
2025-10-03,Wood,28,226036,,,1
2025-10-03,Honey,36,198422,,,1
2025-10-13,CANCELLED!,171,63304,,,2
2025-11-03,Opalite,186,60259,,,2
2026-01-27,Opalite,196,56863,,,3
2026-02-05,Opalite,196,58023,,,4
2026-03-09,The Fate of Ophelia,24,154677,26,2,158
2026-03-09,Opalite,175,59905,,8,57
2026-03-10,The Fate of Ophelia,23,157197,24,2,159
2026-03-10,Opalite,173,61407,175,8,58
2026-03-11,The Fate of Ophelia,25,161902,23,2,160
2026-03-11,Opalite,180,62284,173,8,59
2026-03-12,The Fate of Ophelia,22,155693,25,2,161
2026-03-12,Opalite,165,62587,180,8,60
2026-03-13,The Fate of Ophelia,44,166500,22,2,162
2026-03-14,The Fate of Ophelia,35,174461,44,2,163
2026-03-14,Opalite,186,69952,,8,61
2026-03-15,The Fate of Ophelia,36,140497,35,2,164
2017-01-02,I Don’t Wanna Live Forever (Fifty Shades Darker),86,28754,140,,1
2017-01-03,I Don’t Wanna Live Forever (Fifty Shades Darker),82,27615,86,,2
2017-01-04,I Don’t Wanna Live Forever (Fifty Shades Darker),88,29764,82,,3
2017-01-05,I Don’t Wanna Live Forever (Fifty Shades Darker),78,31831,88,,4
2017-01-06,I Don’t Wanna Live Forever (Fifty Shades Darker),64,36826,78,,5
2017-01-07,I Don’t Wanna Live Forever (Fifty Shades Darker),85,35356,64,,6
2017-01-08,I Don’t Wanna Live Forever (Fifty Shades Darker),73,33458,85,,7
2017-01-09,I Don’t Wanna Live Forever (Fifty Shades Darker),64,33942,73,,8
2017-01-10,I Don’t Wanna Live Forever (Fifty Shades Darker),57,35667,64,,9
2017-01-11,I Don’t Wanna Live Forever (Fifty Shades Darker),69,36449,57,,10
2017-01-12,I Don’t Wanna Live Forever (Fifty Shades Darker),62,36486,69,,11
2017-01-13,I Don’t Wanna Live Forever (Fifty Shades Darker),42,49438,62,,12
2017-01-14,I Don’t Wanna Live Forever (Fifty Shades Darker),33,62980,42,,13
2017-01-15,I Don’t Wanna Live Forever (Fifty Shades Darker),27,55563,33,,14
2017-01-16,I Don’t Wanna Live Forever (Fifty Shades Darker),26,52480,27,,15
2017-01-22,I Don’t Wanna Live Forever (Fifty Shades Darker),25,57695,25,,16
2017-01-23,I Don’t Wanna Live Forever (Fifty Shades Darker),20,58358,25,,17
2017-01-24,I Don’t Wanna Live Forever (Fifty Shades Darker),22,59168,20,,18
2017-01-25,I Don’t Wanna Live Forever (Fifty Shades Darker),19,70319,22,,19
2017-01-26,I Don’t Wanna Live Forever (Fifty Shades Darker),10,77989,19,,20
2017-01-27,I Don’t Wanna Live Forever (Fifty Shades Darker),11,82431,10,,21
2017-01-28,I Don’t Wanna Live Forever (Fifty Shades Darker),10,94534,11,,22
2017-01-29,I Don’t Wanna Live Forever (Fifty Shades Darker),10,75901,10,,23
2017-01-30,I Don’t Wanna Live Forever (Fifty Shades Darker),11,76282,10,,24
2017-01-31,I Don’t Wanna Live Forever (Fifty Shades Darker),12,73642,11,,25
2017-02-01,I Don’t Wanna Live Forever (Fifty Shades Darker),13,80317,12,,26
2017-02-02,I Don’t Wanna Live Forever (Fifty Shades Darker),12,80279,13,,27
2017-02-03,I Don’t Wanna Live Forever (Fifty Shades Darker),12,84827,12,,28
2017-02-04,I Don’t Wanna Live Forever (Fifty Shades Darker),14,89821,12,,29
2017-02-05,I Don’t Wanna Live Forever (Fifty Shades Darker),14,76882,14,,30
2017-02-11,I Don’t Wanna Live Forever (Fifty Shades Darker),5,116926,7,,31
2017-02-12,I Don’t Wanna Live Forever (Fifty Shades Darker),3,103117,5,,32
2017-02-13,I Don’t Wanna Live Forever (Fifty Shades Darker),2,117861,3,,33
2017-02-14,I Don’t Wanna Live Forever (Fifty Shades Darker),3,114197,2,,34
2017-02-15,I Don’t Wanna Live Forever (Fifty Shades Darker),2,119541,3,,35
2017-02-16,I Don’t Wanna Live Forever (Fifty Shades Darker),2,122921,2,,36
2017-02-17,I Don’t Wanna Live Forever (Fifty Shades Darker),3,132020,2,,37
2017-02-18,I Don’t Wanna Live Forever (Fifty Shades Darker),2,139043,3,,38
2017-02-19,I Don’t Wanna Live Forever (Fifty Shades Darker),2,114451,2,,39
2017-02-20,I Don’t Wanna Live Forever (Fifty Shades Darker),3,123217,2,,40
2017-02-21,I Don’t Wanna Live Forever (Fifty Shades Darker),3,116651,3,,41
2017-02-22,I Don’t Wanna Live Forever (Fifty Shades Darker),2,115565,3,,42
2017-02-23,I Don’t Wanna Live Forever (Fifty Shades Darker),2,112799,2,,43
2017-02-24,I Don’t Wanna Live Forever (Fifty Shades Darker),2,123830,2,,44
2017-03-02,I Don’t Wanna Live Forever (Fifty Shades Darker),2,106114,2,,45
2017-03-03,I Don’t Wanna Live Forever (Fifty Shades Darker),6,99866,2,,46
2017-03-04,I Don’t Wanna Live Forever (Fifty Shades Darker),8,101621,6,,47
2017-03-05,I Don’t Wanna Live Forever (Fifty Shades Darker),6,88243,8,,48
2017-03-06,I Don’t Wanna Live Forever (Fifty Shades Darker),7,84329,6,,49
2017-03-07,I Don’t Wanna Live Forever (Fifty Shades Darker),7,87254,7,,50
2017-03-08,I Don’t Wanna Live Forever (Fifty Shades Darker),4,98397,7,,51
2017-03-09,I Don’t Wanna Live Forever (Fifty Shades Darker),4,95013,4,,52
2017-03-10,I Don’t Wanna Live Forever (Fifty Shades Darker),5,99615,4,,53
2017-03-11,I Don’t Wanna Live Forever (Fifty Shades Darker),3,128826,5,,54
2017-03-12,I Don’t Wanna Live Forever (Fifty Shades Darker),3,110235,3,,55
2017-03-13,I Don’t Wanna Live Forever (Fifty Shades Darker),3,94902,3,,56
2017-03-14,I Don’t Wanna Live Forever (Fifty Shades Darker),3,90787,3,,57
2017-03-20,I Don’t Wanna Live Forever (Fifty Shades Darker),4,86230,2,,58
2017-03-21,I Don’t Wanna Live Forever (Fifty Shades Darker),7,79670,4,,59
2017-03-22,I Don’t Wanna Live Forever (Fifty Shades Darker),7,89184,7,,60
2017-03-23,I Don’t Wanna Live Forever (Fifty Shades Darker),9,81552,7,,61
2017-03-24,I Don’t Wanna Live Forever (Fifty Shades Darker),13,86836,9,,62
2017-03-25,I Don’t Wanna Live Forever (Fifty Shades Darker),11,97902,13,,63
2017-03-26,I Don’t Wanna Live Forever (Fifty Shades Darker),10,81946,11,,64
2017-03-27,I Don’t Wanna Live Forever (Fifty Shades Darker),12,74341,10,,65
2017-03-28,I Don’t Wanna Live Forever (Fifty Shades Darker),10,75911,12,,66
2017-03-29,I Don’t Wanna Live Forever (Fifty Shades Darker),9,86164,10,,67
2017-03-30,I Don’t Wanna Live Forever (Fifty Shades Darker),11,81825,9,,68
2017-03-31,I Don’t Wanna Live Forever (Fifty Shades Darker),25,88423,11,,69
2017-04-01,I Don’t Wanna Live Forever (Fifty Shades Darker),20,88951,25,,70
2017-04-07,I Don’t Wanna Live Forever (Fifty Shades Darker),10,86674,14,,71
2017-04-08,I Don’t Wanna Live Forever (Fifty Shades Darker),11,95204,10,,72
2017-04-09,I Don’t Wanna Live Forever (Fifty Shades Darker),10,80511,11,,73
2017-04-10,I Don’t Wanna Live Forever (Fifty Shades Darker),13,74103,10,,74
2017-04-11,I Don’t Wanna Live Forever (Fifty Shades Darker),18,69208,13,,75
2017-04-12,I Don’t Wanna Live Forever (Fifty Shades Darker),18,73233,18,,76
2017-04-13,I Don’t Wanna Live Forever (Fifty Shades Darker),18,71236,18,,77
2017-04-14,I Don’t Wanna Live Forever (Fifty Shades Darker),24,73079,18,,78
2017-04-15,I Don’t Wanna Live Forever (Fifty Shades Darker),23,69733,24,,79
2017-04-16,I Don’t Wanna Live Forever (Fifty Shades Darker),25,57519,23,,80
2017-04-17,I Don’t Wanna Live Forever (Fifty Shades Darker),23,59209,25,,81
2017-04-18,I Don’t Wanna Live Forever (Fifty Shades Darker),23,61581,23,,82
2017-04-19,I Don’t Wanna Live Forever (Fifty Shades Darker),22,65467,23,,83
2017-04-25,I Don’t Wanna Live Forever (Fifty Shades Darker),16,62996,19,,84
2017-04-26,I Don’t Wanna Live Forever (Fifty Shades Darker),16,68952,16,,85
2017-04-27,I Don’t Wanna Live Forever (Fifty Shades Darker),19,67511,16,,86
2017-04-28,I Don’t Wanna Live Forever (Fifty Shades Darker),31,69842,19,,87
2017-04-29,I Don’t Wanna Live Forever (Fifty Shades Darker),35,73751,31,,88
2017-04-30,I Don’t Wanna Live Forever (Fifty Shades Darker),35,61224,35,,89
2017-05-01,I Don’t Wanna Live Forever (Fifty Shades Darker),32,61703,35,,90
2017-05-02,I Don’t Wanna Live Forever (Fifty Shades Darker),35,56581,32,,91
2017-05-03,I Don’t Wanna Live Forever (Fifty Shades Darker),33,61421,35,,92
2017-05-04,I Don’t Wanna Live Forever (Fifty Shades Darker),34,60967,33,,93
2017-05-05,I Don’t Wanna Live Forever (Fifty Shades Darker),49,66225,34,,94
2017-05-06,I Don’t Wanna Live Forever (Fifty Shades Darker),36,71096,49,,95
2017-05-07,I Don’t Wanna Live Forever (Fifty Shades Darker),38,58454,36,,96
2017-05-13,I Don’t Wanna Live Forever (Fifty Shades Darker),75,46702,80,,97
2017-05-14,I Don’t Wanna Live Forever (Fifty Shades Darker),78,35108,75,,98
2017-05-15,I Don’t Wanna Live Forever (Fifty Shades Darker),81,35571,78,,99
2017-05-16,I Don’t Wanna Live Forever (Fifty Shades Darker),76,37351,81,,100
2017-05-17,I Don’t Wanna Live Forever (Fifty Shades Darker),75,39974,76,,101
2017-05-18,I Don’t Wanna Live Forever (Fifty Shades Darker),77,36361,75,,102
2017-05-19,I Don’t Wanna Live Forever (Fifty Shades Darker),89,39733,77,,103
2017-05-20,I Don’t Wanna Live Forever (Fifty Shades Darker),84,42154,89,,104
2017-05-21,I Don’t Wanna Live Forever (Fifty Shades Darker),85,35315,84,,105
2017-05-22,I Don’t Wanna Live Forever (Fifty Shades Darker),92,33817,85,,106
2017-05-23,I Don’t Wanna Live Forever (Fifty Shades Darker),90,34675,92,,107
2017-05-24,I Don’t Wanna Live Forever (Fifty Shades Darker),82,42235,90,,108
2017-05-25,I Don’t Wanna Live Forever (Fifty Shades Darker),83,39161,82,,109
2017-05-26,I Don’t Wanna Live Forever (Fifty Shades Darker),79,39885,83,,110
2017-05-27,I Don’t Wanna Live Forever (Fifty Shades Darker),72,37597,79,,111
2017-05-28,I Don’t Wanna Live Forever (Fifty Shades Darker),92,28608,72,,112
2017-05-29,I Don’t Wanna Live Forever (Fifty Shades Darker),88,29522,92,,113
2017-06-04,I Don’t Wanna Live Forever (Fifty Shades Darker),111,24856,107,,114
2017-06-05,I Don’t Wanna Live Forever (Fifty Shades Darker),93,27745,111,,115
2017-06-06,I Don’t Wanna Live Forever (Fifty Shades Darker),91,28378,93,,116
2017-06-07,I Don’t Wanna Live Forever (Fifty Shades Darker),90,30109,91,,117
2017-06-08,I Don’t Wanna Live Forever (Fifty Shades Darker),110,26924,90,,118
2017-06-09,I Don’t Wanna Live Forever (Fifty Shades Darker),111,28287,110,,119
2017-06-10,I Don’t Wanna Live Forever (Fifty Shades Darker),119,27428,111,,120
2017-06-11,I Don’t Wanna Live Forever (Fifty Shades Darker),116,22941,119,,121
2017-06-12,I Don’t Wanna Live Forever (Fifty Shades Darker),111,25515,116,,122
2017-06-13,I Don’t Wanna Live Forever (Fifty Shades Darker),109,25774,111,,123
2017-06-14,I Don’t Wanna Live Forever (Fifty Shades Darker),112,25749,109,,124
2017-06-15,I Don’t Wanna Live Forever (Fifty Shades Darker),115,24172,112,,125
2017-06-16,I Don’t Wanna Live Forever (Fifty Shades Darker),121,26928,115,,126
2017-06-17,I Don’t Wanna Live Forever (Fifty Shades Darker),125,26499,121,,127
2017-06-18,I Don’t Wanna Live Forever (Fifty Shades Darker),123,22744,125,,128
2017-06-19,I Don’t Wanna Live Forever (Fifty Shades Darker),118,24180,123,,129
2017-06-25,I Don’t Wanna Live Forever (Fifty Shades Darker),158,19744,168,,130
2017-06-26,I Don’t Wanna Live Forever (Fifty Shades Darker),158,21808,158,,131
2017-06-27,I Don’t Wanna Live Forever (Fifty Shades Darker),137,23084,158,,132
2017-06-28,I Don’t Wanna Live Forever (Fifty Shades Darker),119,24962,137,,133
2017-06-29,I Don’t Wanna Live Forever (Fifty Shades Darker),132,24211,119,,134
2017-06-30,I Don’t Wanna Live Forever (Fifty Shades Darker),163,24137,132,,135
2017-07-01,I Don’t Wanna Live Forever (Fifty Shades Darker),185,21475,163,,136
2017-07-02,I Don’t Wanna Live Forever (Fifty Shades Darker),171,19115,185,,137
2017-07-03,I Don’t Wanna Live Forever (Fifty Shades Darker),169,22051,171,,138
2017-07-04,I Don’t Wanna Live Forever (Fifty Shades Darker),164,22267,169,,139
2017-07-05,I Don’t Wanna Live Forever (Fifty Shades Darker),155,23042,164,,140
2017-07-06,I Don’t Wanna Live Forever (Fifty Shades Darker),164,22034,155,,141
2017-07-07,I Don’t Wanna Live Forever (Fifty Shades Darker),180,22892,164,,142
2017-07-14,I Don’t Wanna Live Forever (Fifty Shades Darker),180,19113,176,,143
2017-07-15,I Don’t Wanna Live Forever (Fifty Shades Darker),195,18243,180,,144
2017-07-16,I Don’t Wanna Live Forever (Fifty Shades Darker),186,17255,195,,145
2017-07-17,I Don’t Wanna Live Forever (Fifty Shades Darker),177,18741,186,,146
2017-07-18,I Don’t Wanna Live Forever (Fifty Shades Darker),176,19001,177,,147
2017-07-19,I Don’t Wanna Live Forever (Fifty Shades Darker),170,19554,176,,148
2017-07-20,I Don’t Wanna Live Forever (Fifty Shades Darker),170,19640,170,,149
2017-07-21,I Don’t Wanna Live Forever (Fifty Shades Darker),192,21798,170,,150
2017-07-25,I Don’t Wanna Live Forever (Fifty Shades Darker),184,18538,190,,151
2017-07-26,I Don’t Wanna Live Forever (Fifty Shades Darker),169,19603,184,,152
2017-07-27,I Don’t Wanna Live Forever (Fifty Shades Darker),168,19678,169,,153
2017-08-02,I Don’t Wanna Live Forever (Fifty Shades Darker),156,19170,159,,154
2017-08-03,I Don’t Wanna Live Forever (Fifty Shades Darker),163,18629,156,,155
2017-08-04,I Don’t Wanna Live Forever (Fifty Shades Darker),156,20223,163,,156
2017-08-05,I Don’t Wanna Live Forever (Fifty Shades Darker),186,17716,156,,157
2017-08-06,I Don’t Wanna Live Forever (Fifty Shades Darker),179,16258,186,,158
2017-08-07,I Don’t Wanna Live Forever (Fifty Shades Darker),182,16845,179,,159
2017-08-08,I Don’t Wanna Live Forever (Fifty Shades Darker),169,17367,182,,160
2017-08-09,I Don’t Wanna Live Forever (Fifty Shades Darker),164,18345,169,,161
2017-08-10,I Don’t Wanna Live Forever (Fifty Shades Darker),168,18181,164,,162
2017-08-11,I Don’t Wanna Live Forever (Fifty Shades Darker),162,19510,168,,163
2017-08-12,I Don’t Wanna Live Forever (Fifty Shades Darker),196,16773,162,,164
2017-08-13,I Don’t Wanna Live Forever (Fifty Shades Darker),194,15060,196,,165
2017-08-14,I Don’t Wanna Live Forever (Fifty Shades Darker),190,16304,194,,166
2017-08-15,I Don’t Wanna Live Forever (Fifty Shades Darker),189,15279,190,,167
2017-08-21,I Don’t Wanna Live Forever (Fifty Shades Darker),188,17349,194,,168
2017-08-22,I Don’t Wanna Live Forever (Fifty Shades Darker),185,17627,188,,169
2017-08-23,I Don’t Wanna Live Forever (Fifty Shades Darker),162,19041,185,,170
2017-08-24,I Don’t Wanna Live Forever (Fifty Shades Darker),175,18307,162,,171
2017-08-26,Look What You Made Me Do,61,41797,23,,1
2017-08-27,Look What You Made Me Do,49,41175,61,,2
2017-08-29,Look What You Made Me Do,20,72754,25,,3
2017-08-29,I Don’t Wanna Live Forever (Fifty Shades Darker),190,18229,180,,172
2017-08-30,Look What You Made Me Do,16,74995,20,,4
2017-08-30,I Don’t Wanna Live Forever (Fifty Shades Darker),178,19695,190,,173
2017-08-31,Look What You Made Me Do,12,80091,16,,5
2017-08-31,I Don’t Wanna Live Forever (Fifty Shades Darker),183,19028,178,,174
2017-09-01,Look What You Made Me Do,17,77626,12,,6
2017-09-01,I Don’t Wanna Live Forever (Fifty Shades Darker),191,19510,183,,175
2017-09-02,Look What You Made Me Do,19,75888,17,,7
2017-09-08,Look What You Made Me Do,32,70214,15,,8
2017-09-08,...Ready For It?,98,36074,96,,1
2017-09-08,I Don’t Wanna Live Forever (Fifty Shades Darker),184,20696,160,,176
2017-09-09,Look What You Made Me Do,37,68669,32,,9
2017-09-09,...Ready For It?,137,27348,98,,2
2017-09-11,Look What You Made Me Do,30,61061,37,,10
2017-09-11,...Ready For It?,145,22823,142,,3
2017-09-11,I Don’t Wanna Live Forever (Fifty Shades Darker),190,18547,196,,177
2017-09-12,Look What You Made Me Do,38,61645,30,,11
2017-09-12,...Ready For It?,163,21294,145,,4
2017-09-12,I Don’t Wanna Live Forever (Fifty Shades Darker),179,19506,190,,178
2017-09-13,Look What You Made Me Do,39,62683,38,,12
2017-09-13,...Ready For It?,165,22680,163,,5
2017-09-13,I Don’t Wanna Live Forever (Fifty Shades Darker),170,21893,179,,179
2017-09-14,Look What You Made Me Do,40,60102,39,,13
2017-09-14,I Don’t Wanna Live Forever (Fifty Shades Darker),171,20838,170,,180
2017-09-14,...Ready For It?,173,20725,165,,6
2017-09-15,Look What You Made Me Do,47,61599,40,,14
2017-09-16,Look What You Made Me Do,45,65048,47,,15
2017-09-17,Look What You Made Me Do,43,56921,45,,16
2017-09-19,Look What You Made Me Do,44,56019,49,,17
2017-09-20,Look What You Made Me Do,50,57188,44,,18
2017-09-26,Look What You Made Me Do,66,50052,72,,19
2017-09-27,Look What You Made Me Do,68,50890,66,,20
2017-09-28,Look What You Made Me Do,61,50049,68,,21
2017-09-29,Look What You Made Me Do,79,50477,61,,22
2017-09-30,Look What You Made Me Do,71,52768,79,,23
2017-10-01,Look What You Made Me Do,64,46892,71,,24
2017-10-02,Look What You Made Me Do,79,41863,64,,25
2017-10-03,Look What You Made Me Do,71,45140,79,,26
2017-10-04,Look What You Made Me Do,74,46194,71,,27
2017-10-05,Look What You Made Me Do,69,43862,74,,28
2017-10-06,Look What You Made Me Do,77,46819,69,,29
2017-10-07,Look What You Made Me Do,69,51723,77,,30
2017-10-08,Look What You Made Me Do,66,45890,69,,31
2017-10-14,Look What You Made Me Do,78,47142,83,,32
2017-10-15,Look What You Made Me Do,77,41929,78,,33
2017-10-16,Look What You Made Me Do,79,38448,77,,34
2017-10-17,Look What You Made Me Do,82,39033,79,,35
2017-10-18,Look What You Made Me Do,83,41266,82,,36
2017-10-19,Look What You Made Me Do,86,38397,83,,37
2017-10-21,Look What You Made Me Do,101,44717,102,,38
2017-10-22,Look What You Made Me Do,106,35365,101,,39
2017-10-23,Look What You Made Me Do,104,39276,106,,40
2017-10-25,Look What You Made Me Do,100,40353,105,,41
2017-10-26,Look What You Made Me Do,104,38441,100,,42
2017-10-27,Look What You Made Me Do,118,39545,104,,43
2017-10-28,Look What You Made Me Do,123,33759,118,,44
2017-10-29,Look What You Made Me Do,185,20880,123,,45
2017-10-30,Look What You Made Me Do,186,22849,185,,46
2019-04-29,ME! (feat. Brendon Urie of Panic! At The Disco),30,99378,31,,1
2019-04-30,ME! (feat. Brendon Urie of Panic! At The Disco),35,99095,30,,2
2019-05-01,ME! (feat. Brendon Urie of Panic! At The Disco),30,93249,35,,3
2019-05-02,ME! (feat. Brendon Urie of Panic! At The Disco),47,83688,30,,4
2019-05-03,ME! (feat. Brendon Urie of Panic! At The Disco),81,68562,47,,5
2019-05-04,ME! (feat. Brendon Urie of Panic! At The Disco),89,59640,81,,6
2019-05-05,ME! (feat. Brendon Urie of Panic! At The Disco),88,49928,89,,7
2019-05-06,ME! (feat. Brendon Urie of Panic! At The Disco),83,55592,88,,8
2019-05-07,ME! (feat. Brendon Urie of Panic! At The Disco),87,56677,83,,9
2019-05-08,ME! (feat. Brendon Urie of Panic! At The Disco),87,48218,87,,10
2019-05-09,ME! (feat. Brendon Urie of Panic! At The Disco),88,53298,87,,11
2019-05-10,ME! (feat. Brendon Urie of Panic! At The Disco),106,55640,88,,12
2019-05-11,ME! (feat. Brendon Urie of Panic! At The Disco),103,53121,106,,13
2019-05-12,ME! (feat. Brendon Urie of Panic! At The Disco),97,45722,103,,14
2019-05-13,ME! (feat. Brendon Urie of Panic! At The Disco),104,47110,97,,15
2019-05-14,ME! (feat. Brendon Urie of Panic! At The Disco),95,51414,104,,16
2019-05-20,ME! (feat. Brendon Urie of Panic! At The Disco),107,45455,128,,17
2019-05-21,ME! (feat. Brendon Urie of Panic! At The Disco),115,45458,107,,18
2019-05-22,ME! (feat. Brendon Urie of Panic! At The Disco),107,51302,115,,19
2019-05-23,ME! (feat. Brendon Urie of Panic! At The Disco),138,41522,107,,20
2019-06-18,You Need To Calm Down,162,44334,168,,1
2019-06-19,You Need To Calm Down,179,42498,162,,2
2019-06-20,You Need To Calm Down,187,39644,179,,3
2019-06-21,You Need To Calm Down,171,50371,187,,4
2019-07-19,You Need To Calm Down,100,53509,195,,5
2019-07-20,You Need To Calm Down,105,50929,100,,6
2019-07-21,You Need To Calm Down,104,44615,105,,7
2019-07-22,You Need To Calm Down,158,41654,104,,8
2019-07-23,You Need To Calm Down,148,41689,158,,9
2019-07-24,You Need To Calm Down,108,47659,148,,10
2019-07-25,You Need To Calm Down,130,42337,108,,11
2019-07-26,You Need To Calm Down,151,44188,130,,12
2019-07-27,You Need To Calm Down,156,40652,151,,13
2019-07-28,You Need To Calm Down,163,35112,156,,14
2019-07-29,You Need To Calm Down,160,39718,163,,15
2019-08-04,You Need To Calm Down,171,34994,146,,16
2019-08-05,You Need To Calm Down,178,36763,171,,17
2019-08-09,You Need To Calm Down,180,36142,196,,18
2019-08-10,You Need To Calm Down,191,35144,180,,19
2019-08-22,You Need To Calm Down,190,37697,156,,20
2019-08-24,You Need To Calm Down,140,43755,132,,21
2019-08-25,You Need To Calm Down,149,38156,140,,22
2019-08-26,You Need To Calm Down,173,37559,149,,23
2019-08-27,You Need To Calm Down,180,37395,173,,24
2019-08-28,You Need To Calm Down,185,37458,180,,25
2019-08-29,You Need To Calm Down,178,39421,185,,26
2019-08-30,You Need To Calm Down,160,43757,178,,27
2019-08-31,You Need To Calm Down,158,41765,160,,28
2019-09-01,You Need To Calm Down,167,35321,158,,29
2019-09-02,You Need To Calm Down,181,36356,167,,30
2019-09-03,You Need To Calm Down,168,36549,181,,31
2019-09-04,You Need To Calm Down,186,36921,168,,32
2019-09-05,You Need To Calm Down,192,35274,186,,33
2020-07-25,cardigan,158,47892,119,,1
2020-07-26,cardigan,159,41904,158,,2
2020-07-27,cardigan,165,44638,159,,3
2020-07-28,cardigan,179,41731,165,,4
2020-07-29,cardigan,199,37422,179,,5
2020-12-12,willow,165,50008,119,,1
2020-12-13,willow,161,42521,165,,2
2020-12-14,willow,156,43614,161,,3
2020-12-15,willow,170,40033,156,,4
2021-11-16,All Too Well (10 Minute Version) (Taylor's Version) (From The Vault),171,42565,172,,1
2022-10-22,Anti-Hero,48,112079,23,,1
2022-10-22,Snow On The Beach (feat. Lana Del Rey),90,81268,42,,1
2022-10-22,Lavender Haze,98,77797,40,,1
2022-10-22,Maroon,122,67997,56,,1
2022-10-22,"You're On Your Own, Kid",128,66075,63,,1
2022-10-22,Midnight Rain,129,65732,70,,1
2022-10-22,Vigilante Shit,151,60545,78,,1
2022-10-22,Karma,155,59649,93,,1
2022-10-22,Question...?,162,58205,85,,1
2022-10-22,Bejeweled,181,53310,103,,1
2022-10-23,Anti-Hero,38,99209,48,,2
2022-10-23,Snow On The Beach (feat. Lana Del Rey),77,70479,90,,2
2022-10-23,Lavender Haze,88,65460,98,,2
2022-10-23,Maroon,112,56799,122,,2
2022-10-23,"You're On Your Own, Kid",113,56650,128,,2
2022-10-23,Midnight Rain,114,56325,129,,2
2022-10-23,Karma,133,51585,155,,2
2022-10-23,Vigilante Shit,145,49818,151,,2
2022-10-23,Question...?,153,48201,162,,2
2022-10-23,Bejeweled,170,44952,181,,2
2022-10-29,Anti-Hero,100,78728,79,,3
2022-10-30,Anti-Hero,98,67247,100,,4
2022-10-31,Anti-Hero,96,76566,98,,5
2022-11-03,Anti-Hero,72,78807,62,,6
2022-11-04,Anti-Hero,75,104283,72,,7
2022-11-05,Anti-Hero,67,99509,75,,8
2022-11-06,Anti-Hero,59,83992,67,,9
2022-11-07,Anti-Hero,61,91659,59,,10
2022-11-08,Anti-Hero,60,91087,61,,11
2022-11-09,Anti-Hero,43,105442,60,,12
2022-11-10,Anti-Hero,52,103644,43,,13
2022-11-11,Anti-Hero,58,98100,52,,14
2022-11-12,Anti-Hero,64,90733,58,,15
2022-11-18,Anti-Hero,90,86542,74,,16
2022-11-19,Anti-Hero,92,83804,90,,17
2022-11-20,Anti-Hero,95,65377,92,,18
2022-11-21,Anti-Hero,92,73343,95,,19
2022-11-22,Anti-Hero,89,74227,92,,20
2022-11-23,Anti-Hero,97,74434,89,,21
2022-11-24,Anti-Hero,90,75107,97,,22
2022-11-25,Anti-Hero,101,80595,90,,23
2022-11-26,Anti-Hero,97,74101,101,,24
2022-11-27,Anti-Hero,102,61819,97,,25
2022-11-28,Anti-Hero,98,68370,102,,26
2022-11-29,Anti-Hero,95,69942,98,,27
2022-11-30,Anti-Hero,89,72850,95,,28
2022-12-01,Anti-Hero,103,70062,89,,29
2022-12-02,Anti-Hero,125,73501,103,,30
2022-12-08,Anti-Hero,128,64957,139,,31
2022-12-09,Anti-Hero,168,66170,128,,32
2022-12-10,Anti-Hero,152,61314,168,,33
2022-12-11,Anti-Hero,158,53427,152,,34
2022-12-12,Anti-Hero,138,60218,158,,35
2022-12-13,Anti-Hero,130,60205,138,,36
2022-12-14,Anti-Hero,138,60138,130,,37
2022-12-15,Anti-Hero,136,60713,138,,38
2022-12-16,Anti-Hero,166,66946,136,,39
2022-12-17,Anti-Hero,150,63639,166,,40
2022-12-18,Anti-Hero,158,44400,150,,41
2022-12-19,Anti-Hero,139,59909,158,,42
2022-12-20,Anti-Hero,131,62271,139,,43
2022-12-21,Anti-Hero,127,63639,131,,44
2022-12-27,Anti-Hero,119,63825,130,,45
2022-12-28,Anti-Hero,113,65513,119,,46
2022-12-29,Anti-Hero,115,65882,113,,47
2022-12-30,Anti-Hero,118,67510,115,,48
2023-01-01,Anti-Hero,158,48831,161,,49
2023-01-02,Anti-Hero,116,62398,158,,50
2023-01-03,Anti-Hero,116,62809,116,,51
2023-01-04,Anti-Hero,121,64186,116,,52
2023-01-05,Anti-Hero,120,63683,121,,53
2023-01-06,Anti-Hero,130,67255,120,,54
2023-01-07,Anti-Hero,113,70311,130,,55
2023-01-08,Anti-Hero,122,56483,113,,56
2023-01-09,Anti-Hero,129,60586,122,,57
2023-01-10,Anti-Hero,122,62511,129,,58
2023-01-11,Anti-Hero,146,57625,122,,59
2023-01-12,Anti-Hero,149,56666,146,,60
2023-01-13,Anti-Hero,164,59083,149,,61
2023-01-14,Anti-Hero,143,59290,164,,62
2023-01-15,Anti-Hero,144,50555,143,,63
2023-01-16,Anti-Hero,148,52385,144,,64
2023-01-17,Anti-Hero,148,53959,148,,65
2023-01-18,Anti-Hero,157,56499,148,,66
2023-01-19,Anti-Hero,186,47953,157,,67
2023-09-02,Cruel Summer,166,55177,156,,1
2023-09-03,Cruel Summer,153,49948,166,,2
2023-09-04,Cruel Summer,152,54238,153,,3
2023-09-09,Cruel Summer,111,72015,116,,4
2023-09-10,Cruel Summer,103,62740,111,,5
2023-09-11,Cruel Summer,105,67544,103,,6
2023-09-12,Cruel Summer,109,68268,105,,7
2023-09-13,Cruel Summer,121,67021,109,,8
2023-09-14,Cruel Summer,123,65118,121,,9
2023-09-15,Cruel Summer,129,71850,123,,10
2023-09-16,Cruel Summer,149,62550,129,,11
2023-09-17,Cruel Summer,138,52726,149,,12
2023-09-18,Cruel Summer,134,61087,138,,13
2023-09-19,Cruel Summer,123,64525,134,,14
2023-09-20,Cruel Summer,125,67440,123,,15
2023-09-21,Cruel Summer,116,64312,125,,16
2023-09-22,Cruel Summer,140,70306,116,,17
2023-09-23,Cruel Summer,135,68683,140,,18
2023-09-24,Cruel Summer,128,58693,135,,19
2023-09-25,Cruel Summer,130,62932,128,,20
2023-09-26,Cruel Summer,124,66741,130,,21
2023-09-27,Cruel Summer,126,69602,124,,22
2023-09-28,Cruel Summer,123,67826,126,,23
2023-09-29,Cruel Summer,168,63684,123,,24
2023-09-30,Cruel Summer,171,60678,168,,25
2023-10-01,Cruel Summer,150,53989,171,,26
2023-10-02,Cruel Summer,146,57132,150,,27
2023-10-03,Cruel Summer,144,58799,146,,28
2023-10-04,Cruel Summer,146,62146,144,,29
2023-10-05,Cruel Summer,156,57233,146,,30
2023-10-12,Cruel Summer,184,51339,187,,31
2023-10-13,Cruel Summer,190,55887,184,,32
2023-10-14,Cruel Summer,187,54405,190,,33
2023-10-15,Cruel Summer,169,47276,187,,34
2023-10-16,Cruel Summer,165,49666,169,,35
2023-10-17,Cruel Summer,152,52416,165,,36
2023-10-18,Cruel Summer,151,56195,152,,37
2023-10-19,Cruel Summer,121,62190,151,,38
2023-10-20,Cruel Summer,143,67469,121,,39
2023-10-21,Cruel Summer,154,60916,143,,40
2023-10-22,Cruel Summer,145,51733,154,,41
2023-10-23,Cruel Summer,135,58818,145,,42
2023-10-24,Cruel Summer,131,60098,135,,43
2023-10-25,Cruel Summer,132,59808,131,,44
2023-10-26,Cruel Summer,135,58909,132,,45
2023-10-28,Cruel Summer,168,55570,154,,46
2023-10-28,Say Don't Go (Taylor's Version) (From The Vault),181,54016,68,,1
2023-10-28,Is It Over Now? (Taylor's Version) (From The Vault),190,53208,82,,1
2023-10-28,"""Slut!"" (Taylor's Version) (From The Vault)",191,53155,52,,1
2023-10-28,Style (Taylor's Version),196,52721,43,,1
2023-10-30,Cruel Summer,152,54285,174,,47
2023-10-30,Is It Over Now? (Taylor's Version) (From The Vault),160,52523,159,,2
2023-10-30,Now That We Don't Talk (Taylor's Version) (From The Vault),182,49414,196,,1
2023-10-30,Say Don't Go (Taylor's Version) (From The Vault),186,48936,185,,2
2023-10-31,Cruel Summer,168,58328,152,,48
2023-11-01,Cruel Summer,163,47042,168,,49
2023-11-02,Cruel Summer,154,53097,163,,50
2023-11-03,Cruel Summer,171,56807,154,,51
2023-11-04,Cruel Summer,176,51524,171,,52
2023-11-05,Cruel Summer,180,45375,176,,53
2023-11-06,Cruel Summer,171,49504,180,,54
2023-11-07,Cruel Summer,169,50372,171,,55
2023-11-08,Cruel Summer,179,52701,169,,56
2023-11-09,Cruel Summer,177,51734,179,,57
2023-11-10,Cruel Summer,199,54103,177,,58
2023-11-14,Cruel Summer,165,51858,168,,59
2023-11-15,Cruel Summer,186,53070,165,,60
2023-11-16,Cruel Summer,189,50449,186,,61
2023-11-21,Cruel Summer,192,49234,200,,62
2023-11-22,Cruel Summer,192,51888,192,,63
2023-11-23,Cruel Summer,197,49498,192,,64
2023-11-30,Cruel Summer,132,60559,131,,65
2023-11-30,You’re Losing Me (From The Vault),158,56656,123,,1
2023-12-01,Cruel Summer,180,60781,132,,66
2023-12-05,Cruel Summer,187,52803,188,,67
2023-12-06,Cruel Summer,194,55087,187,,68
2023-12-07,Cruel Summer,164,56343,194,,69
2023-12-20,Cruel Summer,199,56947,197,,70
2023-12-21,Cruel Summer,194,56630,199,,71
2024-01-01,Cruel Summer,200,48965,192,,72
2024-01-02,Cruel Summer,124,60475,200,,73
2024-01-03,Cruel Summer,120,61720,124,,74
2024-01-04,Cruel Summer,117,63959,120,,75
2024-01-05,Cruel Summer,125,65876,117,,76
2024-01-06,Cruel Summer,128,64070,125,,77
2024-01-07,Cruel Summer,129,54135,128,,78
2024-01-08,Cruel Summer,127,57527,129,,79
2024-01-09,Cruel Summer,122,58999,127,,80
2024-01-10,Cruel Summer,120,63001,122,,81
2024-01-11,Cruel Summer,116,62332,120,,82
2024-01-12,Cruel Summer,117,72522,116,,83
2024-01-13,Cruel Summer,106,74044,117,,84
2024-01-14,Cruel Summer,107,61227,106,,85
2024-01-20,Cruel Summer,36,146807,61,,86
2024-01-21,Cruel Summer,40,113956,36,,87
2024-01-22,Cruel Summer,42,124362,40,,88
2024-01-23,Cruel Summer,46,123408,42,,89
2024-01-24,Cruel Summer,45,128425,46,,90
2024-01-25,Cruel Summer,40,129046,45,,91
2024-01-26,Cruel Summer,66,129999,40,,92
2024-01-27,Cruel Summer,44,145386,66,,93
2024-01-28,Cruel Summer,45,114058,44,,94
2024-01-29,Cruel Summer,47,118779,45,,95
2024-01-30,Cruel Summer,45,122843,47,,96
2024-01-31,Cruel Summer,49,127927,45,,97
2024-02-01,Cruel Summer,46,127322,49,,98
2024-02-02,Cruel Summer,55,136873,46,,99
2024-02-08,Cruel Summer,44,127344,47,,100
2024-02-09,Cruel Summer,57,134150,44,,101
2024-02-10,Cruel Summer,51,143361,57,,102
2024-02-11,Cruel Summer,52,112216,51,,103
2024-02-12,Cruel Summer,55,121143,52,,104
2024-02-13,Cruel Summer,52,129045,55,,105
2024-02-14,Cruel Summer,48,137114,52,,106
2024-02-15,Cruel Summer,48,126768,48,,107
2024-02-16,Cruel Summer,62,148055,48,,108
2024-02-17,Cruel Summer,48,154035,62,,109
2024-02-18,Cruel Summer,48,117452,48,,110
2024-02-19,Cruel Summer,49,129415,48,,111
2024-02-20,Cruel Summer,48,135474,49,,112
2024-02-26,Cruel Summer,49,121327,48,,113
2024-02-27,Cruel Summer,47,126624,49,,114
2024-02-28,Cruel Summer,46,129525,47,,115
2024-02-29,Cruel Summer,46,128532,46,,116
2024-03-01,Cruel Summer,47,135596,46,,117
2024-03-02,Cruel Summer,48,135280,47,,118
2024-03-03,Cruel Summer,49,105016,48,,119
2024-03-04,Cruel Summer,53,119475,49,,120
2024-03-05,Cruel Summer,50,122052,53,,121
2024-03-06,Cruel Summer,52,122205,50,,122
2024-03-07,Cruel Summer,48,119725,52,,123
2024-03-08,Cruel Summer,46,143248,48,,124
2024-03-09,Cruel Summer,40,149583,46,,125
2024-03-10,Cruel Summer,42,114312,40,,126
2024-03-16,Cruel Summer,47,129951,50,,127
2024-03-17,Cruel Summer,54,101606,47,,128
2024-03-18,Cruel Summer,52,110081,54,,129
2024-03-19,Cruel Summer,53,117016,52,,130
2024-03-20,Cruel Summer,51,119162,53,,131
2024-03-21,Cruel Summer,54,113498,51,,132
2024-03-22,Cruel Summer,53,120812,54,,133
2024-03-23,Cruel Summer,49,126083,53,,134
2024-03-24,Cruel Summer,54,99803,49,,135
2024-03-25,Cruel Summer,53,104881,54,,136
2024-03-26,Cruel Summer,49,107283,53,,137
2024-03-27,Cruel Summer,59,111704,49,,138
2024-03-28,Cruel Summer,55,110779,59,,139
2024-04-03,Cruel Summer,56,111085,61,,140
2024-04-04,Cruel Summer,55,109303,56,,141
2024-04-05,Cruel Summer,66,114663,55,,142
2024-04-06,Cruel Summer,57,122937,66,,143
2024-04-07,Cruel Summer,65,92214,57,,144
2024-04-08,Cruel Summer,66,100308,65,,145
2024-04-09,Cruel Summer,61,102329,66,,146
2024-04-10,Cruel Summer,62,105789,61,,147
2024-04-11,Cruel Summer,65,103581,62,,148
2024-04-12,Cruel Summer,72,114156,65,,149
2024-04-13,Cruel Summer,63,119510,72,,150
2024-04-14,Cruel Summer,61,95133,63,,151
2024-04-15,Cruel Summer,61,99362,61,,152
2024-04-21,Fortnight (feat. Post Malone),33,144176,38,,1
2024-04-21,Cruel Summer,64,90639,61,,153
2024-04-21,"So Long, London",72,86521,73,,1
2024-04-21,My Boy Only Breaks His Favorite Toys,75,85366,69,,1
2024-04-21,Down Bad,85,80589,89,,1
2024-04-21,The Tortured Poets Department,88,79441,86,,1
2024-04-21,I Can Do It With a Broken Heart,91,76398,103,,1
2024-04-21,But Daddy I Love Him,120,68103,116,,1
2024-04-21,Who’s Afraid of Little Old Me?,129,65845,130,,1
2024-04-21,Florida!!! (feat. Florence + The Machine),132,65643,127,,1
2024-04-21,Guilty as Sin?,179,55906,170,,1
2024-04-21,loml,200,52506,197,,1
2024-04-22,Fortnight (feat. Post Malone),31,159226,33,,2
2024-04-22,"So Long, London",70,93695,72,,2
2024-04-22,Cruel Summer,76,91132,64,,154
2024-04-22,My Boy Only Breaks His Favorite Toys,78,90322,75,,2
2024-04-22,Down Bad,80,88638,85,,2
2024-04-22,I Can Do It With a Broken Heart,87,86219,91,,2
2024-04-22,The Tortured Poets Department,98,80571,88,,2
2024-04-22,Florida!!! (feat. Florence + The Machine),132,70896,132,,2
2024-04-22,Who’s Afraid of Little Old Me?,133,70852,129,,2
2024-04-22,But Daddy I Love Him,134,70802,120,,2
2024-04-22,Guilty as Sin?,179,59909,179,,2
2024-04-23,Fortnight (feat. Post Malone),35,155857,31,,3
2024-04-23,Cruel Summer,79,88555,76,,155
2024-04-23,"So Long, London",85,86070,70,,3
2024-04-23,Down Bad,97,82477,80,,3
2024-04-23,My Boy Only Breaks His Favorite Toys,99,81479,78,,3
2024-04-23,I Can Do It With a Broken Heart,105,79018,87,,3
2024-04-23,The Tortured Poets Department,124,73152,98,,3
2024-04-23,Who’s Afraid of Little Old Me?,161,63590,133,,3
2024-04-23,But Daddy I Love Him,162,63560,134,,3
2024-04-23,Florida!!! (feat. Florence + The Machine),165,63121,132,,3
2024-04-24,Fortnight (feat. Post Malone),32,159743,35,,4
2024-04-24,Cruel Summer,67,93746,79,,156
2024-04-24,"So Long, London",98,80032,85,,4
2024-04-24,I Can Do It With a Broken Heart,105,77480,105,,4
2024-04-24,Down Bad,107,76782,97,,4
2024-04-24,My Boy Only Breaks His Favorite Toys,120,73642,99,,4
2024-04-24,The Tortured Poets Department,155,63624,124,,4
2024-04-24,Florida!!! (feat. Florence + The Machine),157,63379,165,,4
2024-04-24,Who’s Afraid of Little Old Me?,183,58806,161,,4
2024-04-24,But Daddy I Love Him,195,56546,162,,4
2024-04-25,Fortnight (feat. Post Malone),41,149045,32,,5
2024-04-25,Cruel Summer,85,87354,67,,157
2024-04-25,I Can Do It With a Broken Heart,117,74901,105,,5
2024-04-25,"So Long, London",123,72942,98,,5
2024-04-25,Down Bad,136,69446,107,,5
2024-04-25,My Boy Only Breaks His Favorite Toys,153,65917,120,,5
2024-04-25,Florida!!! (feat. Florence + The Machine),193,57510,157,,5
2024-04-25,The Tortured Poets Department,195,56982,155,,5
2024-04-26,Fortnight (feat. Post Malone),30,171805,41,,6
2024-04-26,I Can Do It With a Broken Heart,119,80564,117,,6
2024-04-26,Cruel Summer,124,79564,85,,158
2024-04-26,"So Long, London",163,68965,123,,6
2024-04-26,Down Bad,181,66932,136,,6
2024-04-26,My Boy Only Breaks His Favorite Toys,192,63950,153,,6
2024-04-27,Fortnight (feat. Post Malone),48,136114,30,,7
2024-04-27,Cruel Summer,142,71967,124,,159
2024-04-27,I Can Do It With a Broken Heart,157,69573,119,,7
2024-04-28,Fortnight (feat. Post Malone),40,124282,48,,8
2024-04-28,I Can Do It With a Broken Heart,144,61076,157,,8
2024-04-28,Cruel Summer,146,60816,142,,160
2024-04-29,Fortnight (feat. Post Malone),48,130047,40,,9
2024-04-29,I Can Do It With a Broken Heart,126,69821,144,,9
2024-04-29,Cruel Summer,128,69500,146,,161
2024-04-30,Fortnight (feat. Post Malone),51,128650,48,,10
2024-04-30,Cruel Summer,110,78793,128,,162
2024-04-30,I Can Do It With a Broken Heart,153,67730,126,,10
2024-05-01,Fortnight (feat. Post Malone),55,99182,51,,11
2024-05-01,Cruel Summer,120,66528,110,,163
2024-05-01,I Can Do It With a Broken Heart,195,51826,153,,11
2024-05-02,Fortnight (feat. Post Malone),55,114260,55,,12
2024-05-02,Cruel Summer,117,75381,120,,164
2024-05-02,I Can Do It With a Broken Heart,197,57736,195,,12
2024-05-03,Fortnight (feat. Post Malone),57,127456,55,,13
2024-05-03,Cruel Summer,146,74976,117,,165
2024-05-09,Fortnight (feat. Post Malone),35,155391,57,,14
2024-05-09,Cruel Summer,96,87483,116,,166
2024-05-11,Fortnight (feat. Post Malone),26,183406,26,,15
2024-05-11,Cruel Summer,71,110743,73,,167
2024-05-11,I Can Do It With a Broken Heart,159,70600,132,,13
2024-05-12,Fortnight (feat. Post Malone),24,161158,26,,16
2024-05-12,Cruel Summer,59,106021,71,,168
2024-05-12,I Can Do It With a Broken Heart,139,66366,159,,14
2024-05-14,Fortnight (feat. Post Malone),27,170713,25,,17
2024-05-14,Cruel Summer,69,99793,61,,169
2024-05-14,I Can Do It With a Broken Heart,104,76003,98,,15
2024-05-15,Fortnight (feat. Post Malone),31,173045,27,,18
2024-05-15,Cruel Summer,80,97109,69,,170
2024-05-15,I Can Do It With a Broken Heart,131,74705,104,,16
2024-05-16,Fortnight (feat. Post Malone),42,150024,31,,19
2024-05-16,Cruel Summer,74,95401,80,,171
2024-05-16,I Can Do It With a Broken Heart,143,68882,131,,17
2024-05-17,Fortnight (feat. Post Malone),69,134567,42,,20
2024-05-17,Cruel Summer,99,102398,74,,172
2024-05-18,Fortnight (feat. Post Malone),73,117712,69,,21
2024-05-18,Cruel Summer,102,96835,99,,173
2024-05-19,Fortnight (feat. Post Malone),80,94327,73,,22
2024-05-19,Cruel Summer,101,81913,102,,174
2024-05-20,Fortnight (feat. Post Malone),74,100842,80,,23
2024-05-20,Cruel Summer,97,84295,101,,175
2024-05-21,Fortnight (feat. Post Malone),71,108184,74,,24
2024-05-21,Cruel Summer,101,85965,97,,176
2024-05-27,Fortnight (feat. Post Malone),60,107178,67,,25
2024-05-27,Cruel Summer,108,78301,127,,177
2024-05-28,Fortnight (feat. Post Malone),63,112415,60,,26
2024-05-28,Cruel Summer,109,81534,108,,178
2024-05-29,Fortnight (feat. Post Malone),67,112473,63,,27
2024-05-29,Cruel Summer,114,83135,109,,179
2024-05-30,Fortnight (feat. Post Malone),62,112780,67,,28
2024-05-30,Cruel Summer,110,81216,114,,180
2024-05-31,Fortnight (feat. Post Malone),87,122634,62,,29
2024-05-31,Cruel Summer,147,85783,110,,181
2024-06-01,Fortnight (feat. Post Malone),76,119210,87,,30
2024-06-01,Cruel Summer,129,89109,147,,182
2024-06-02,Fortnight (feat. Post Malone),73,101757,76,,31
2024-06-02,Cruel Summer,105,80762,129,,183
2024-06-03,Fortnight (feat. Post Malone),79,113488,73,,32
2024-06-03,Cruel Summer,102,90869,105,,184
2024-06-04,Fortnight (feat. Post Malone),74,117072,79,,33
2024-06-04,Cruel Summer,103,91703,102,,185
2024-06-05,Fortnight (feat. Post Malone),74,116423,74,,34
2024-06-05,Cruel Summer,111,92948,103,,186
2024-06-06,Fortnight (feat. Post Malone),67,114288,74,,35
2024-06-06,Cruel Summer,118,86843,111,,187
2024-06-07,Fortnight (feat. Post Malone),73,126005,67,,36
2024-06-07,Cruel Summer,105,103267,118,,188
2024-06-08,Fortnight (feat. Post Malone),67,123840,73,,37
2024-06-08,Cruel Summer,94,101107,105,,189
2024-06-09,Fortnight (feat. Post Malone),67,96074,67,,38
2024-06-09,Cruel Summer,104,77929,94,,190
2024-06-10,Fortnight (feat. Post Malone),68,107390,67,,39
2024-06-10,Cruel Summer,101,83367,104,,191
2024-06-11,Fortnight (feat. Post Malone),62,112520,68,,40
2024-06-11,Cruel Summer,97,88391,101,,192
2024-06-12,Fortnight (feat. Post Malone),66,109556,62,,41
2024-06-12,Cruel Summer,105,86481,97,,193
2024-06-18,Fortnight (feat. Post Malone),62,100872,63,,42
2024-06-18,Cruel Summer,91,83133,89,,194
2024-06-19,Fortnight (feat. Post Malone),66,101274,62,,43
2024-06-19,Cruel Summer,94,83767,91,,195
2024-06-20,Fortnight (feat. Post Malone),63,98795,66,,44
2024-06-20,Cruel Summer,90,84156,94,,196
2024-06-21,Fortnight (feat. Post Malone),79,101933,63,,45
2024-06-21,Cruel Summer,149,76627,90,,197
2024-06-22,Fortnight (feat. Post Malone),67,99825,79,,46
2024-06-22,Cruel Summer,144,72180,149,,198
2024-06-23,Fortnight (feat. Post Malone),73,85612,67,,47
2024-06-23,Cruel Summer,145,65105,144,,199
2024-06-24,Fortnight (feat. Post Malone),68,95338,73,,48
2024-06-24,Cruel Summer,117,74437,145,,200
2024-06-25,Fortnight (feat. Post Malone),71,94021,68,,49
2024-06-25,Cruel Summer,124,72442,117,,201
2024-06-26,Fortnight (feat. Post Malone),81,92583,71,,50
2024-06-26,Cruel Summer,148,71336,124,,202
2024-06-27,Fortnight (feat. Post Malone),81,94463,81,,51
2024-06-27,Cruel Summer,137,74055,148,,203
2024-06-28,Fortnight (feat. Post Malone),78,102848,81,,52
2024-06-28,Cruel Summer,149,78215,137,,204
2024-06-29,Fortnight (feat. Post Malone),70,98744,78,,53
2024-06-29,Cruel Summer,149,72081,149,,205
2024-06-30,Fortnight (feat. Post Malone),87,78668,70,,54
2024-06-30,Cruel Summer,151,61790,149,,206
2024-07-01,Fortnight (feat. Post Malone),81,87591,87,,55
2024-07-01,Cruel Summer,146,64806,151,,207
2024-07-02,Fortnight (feat. Post Malone),84,93242,81,,56
2024-07-02,Cruel Summer,158,66445,146,,208
2024-07-08,Fortnight (feat. Post Malone),69,96509,76,,57
2024-07-08,Cruel Summer,131,70993,149,,209
2024-07-09,Fortnight (feat. Post Malone),60,99371,69,,58
2024-07-09,Cruel Summer,136,68734,131,,210
2024-07-10,Fortnight (feat. Post Malone),70,95121,60,,59
2024-07-10,Cruel Summer,147,66652,136,,211
2024-07-11,Fortnight (feat. Post Malone),71,98302,70,,60
2024-07-11,Cruel Summer,151,68311,147,,212
2024-07-12,Fortnight (feat. Post Malone),69,108623,71,,61
2024-07-12,Cruel Summer,154,74902,151,,213
2024-07-13,Fortnight (feat. Post Malone),73,107641,69,,62
2024-07-13,Cruel Summer,162,69905,154,,214
2024-07-14,Fortnight (feat. Post Malone),78,84561,73,,63
2024-07-14,Cruel Summer,153,60146,162,,215
2024-07-15,Fortnight (feat. Post Malone),71,95410,78,,64
2024-07-15,Cruel Summer,134,69820,153,,216
2024-07-16,Fortnight (feat. Post Malone),69,98626,71,,65
2024-07-16,Cruel Summer,137,71743,134,,217
2024-07-17,Fortnight (feat. Post Malone),70,98438,69,,66
2024-07-17,Cruel Summer,145,69207,137,,218
2024-07-18,Fortnight (feat. Post Malone),100,88436,70,,67
2024-07-18,Cruel Summer,152,70106,145,,219
2024-07-19,Cruel Summer,167,74085,152,,220
2024-07-20,Cruel Summer,174,69674,167,,221
2024-07-21,Cruel Summer,167,59292,174,,222
2024-07-22,Cruel Summer,163,68075,167,,223
2024-07-29,Cruel Summer,176,60986,190,,224
2024-07-30,Cruel Summer,177,59948,176,,225
2024-07-31,Cruel Summer,179,58749,177,,226
2024-08-01,Cruel Summer,168,62719,179,,227
2024-08-02,Cruel Summer,171,65951,168,,228
2024-08-03,Cruel Summer,189,62118,171,,229
2024-08-04,Cruel Summer,185,54591,189,,230
2024-08-05,Cruel Summer,173,60435,185,,231
2024-08-06,Cruel Summer,168,60363,173,,232
2024-08-07,Cruel Summer,185,57912,168,,233
2024-08-08,Cruel Summer,153,63252,185,,234
2024-08-09,Cruel Summer,179,60323,153,,235
2024-08-10,Cruel Summer,169,63855,179,,236
2024-08-19,Cruel Summer,181,60736,193,,237
2024-08-20,Cruel Summer,161,62785,181,,238
2024-08-21,Cruel Summer,158,64466,161,,239
2024-08-22,Cruel Summer,186,59753,158,,240
2024-08-23,Cruel Summer,194,61498,186,,241
2024-08-24,Cruel Summer,189,62065,194,,242
2024-08-25,Cruel Summer,200,52828,189,,243
2024-08-26,Cruel Summer,199,58113,200,,244
2025-10-04,The Fate of Ophelia,10,281216,2,,1
2025-10-04,Elizabeth Taylor,28,184247,5,,1
2025-10-04,Opalite,29,180785,8,,1
2025-10-04,Father Figure,42,148012,14,,1
2025-10-04,CANCELLED!,48,142691,20,,1
2025-10-04,The Life of a Showgirl (feat. Sabrina Carpenter),59,131119,22,,1
2025-10-04,Eldest Daughter,62,129709,18,,1
2025-10-04,Actually Romantic,65,127803,21,,1
2025-10-04,Ruin The Friendship,70,123437,23,,1
2025-10-04,Wood,71,123396,28,,1
2025-10-04,Wi$h Li$t,72,122692,27,,1
2025-10-04,Honey,91,105197,36,,1
2025-10-05,The Fate of Ophelia,6,241617,10,,2
2025-10-05,Opalite,31,147283,29,,2
2025-10-05,Elizabeth Taylor,32,145409,28,,2
2025-10-05,Father Figure,47,115026,42,,2
2025-10-05,CANCELLED!,57,108646,48,,2
2025-10-05,Eldest Daughter,71,97640,62,,2
2025-10-05,The Life of a Showgirl (feat. Sabrina Carpenter),72,97161,59,,2
2025-10-05,Actually Romantic,76,95293,65,,2
2025-10-05,Ruin The Friendship,79,93679,70,,2
2025-10-05,Wi$h Li$t,83,92099,72,,2
2025-10-05,Wood,84,91936,71,,2
2025-10-05,Honey,113,78276,91,,2
2025-10-06,The Fate of Ophelia,6,290735,6,,3
2025-10-06,Opalite,30,167041,31,,3
2025-10-06,Elizabeth Taylor,32,160113,32,,3
2025-10-06,Father Figure,46,128562,47,,3
2025-10-06,CANCELLED!,53,121016,57,,3
2025-10-06,The Life of a Showgirl (feat. Sabrina Carpenter),66,105387,72,,3
2025-10-06,Actually Romantic,67,104842,76,,3
2025-10-06,Eldest Daughter,70,103872,71,,3
2025-10-06,Ruin The Friendship,79,98143,79,,3
2025-10-06,Wood,80,97965,84,,3
2025-10-06,Wi$h Li$t,81,97689,83,,3
2025-10-06,Honey,110,82793,113,,3
2025-10-07,The Fate of Ophelia,5,311775,6,,4
2025-10-07,Opalite,35,155325,30,,4
2025-10-07,Elizabeth Taylor,39,144389,32,,4
2025-10-07,Father Figure,58,115955,46,,4
2025-10-07,CANCELLED!,67,106591,53,,4
2025-10-07,The Life of a Showgirl (feat. Sabrina Carpenter),86,94135,66,,4
2025-10-07,Actually Romantic,90,92290,67,,4
2025-10-07,Eldest Daughter,92,91434,70,,4
2025-10-07,Wi$h Li$t,96,88231,81,,4
2025-10-07,Wood,97,87910,80,,4
2025-10-07,Ruin The Friendship,104,85992,79,,4
2025-10-07,Honey,141,72155,110,,4
2025-10-08,The Fate of Ophelia,6,308979,5,,5
2025-10-08,Opalite,39,149339,35,,5
2025-10-08,Elizabeth Taylor,44,138182,39,,5
2025-10-08,Father Figure,73,108185,58,,5
2025-10-08,CANCELLED!,81,101649,67,,5
2025-10-08,The Life of a Showgirl (feat. Sabrina Carpenter),107,88041,86,,5
2025-10-08,Actually Romantic,115,85551,90,,5
2025-10-08,Wood,120,84002,97,,5
2025-10-08,Eldest Daughter,126,83184,92,,5
2025-10-08,Wi$h Li$t,129,81847,96,,5
2025-10-08,Ruin The Friendship,140,78154,104,,5
2025-10-08,Honey,195,66538,141,,5
2025-10-09,The Fate of Ophelia,7,289432,6,,6
2025-10-09,Opalite,40,134614,39,,6
2025-10-09,Elizabeth Taylor,51,120551,44,,6
2025-10-09,Father Figure,87,92902,73,,6
2025-10-09,CANCELLED!,95,87233,81,,6
2025-10-09,The Life of a Showgirl (feat. Sabrina Carpenter),131,75748,107,,6
2025-10-09,Actually Romantic,143,72879,115,,6
2025-10-09,Eldest Daughter,147,72151,126,,6
2025-10-09,Wood,154,70981,120,,6
2025-10-09,Wi$h Li$t,157,70502,129,,6
2025-10-09,Ruin The Friendship,163,68639,140,,6
2025-10-10,The Fate of Ophelia,7,328730,7,,7
2025-10-10,Opalite,43,147389,40,,7
2025-10-10,Elizabeth Taylor,85,110140,51,,7
2025-10-10,Father Figure,131,86420,87,,7
2025-10-10,CANCELLED!,143,82499,95,,7
2025-10-10,The Life of a Showgirl (feat. Sabrina Carpenter),147,81886,131,,7
2025-10-11,The Fate of Ophelia,9,299787,7,,8
2025-10-11,Opalite,75,117414,43,,8
2025-10-11,Elizabeth Taylor,97,97869,85,,8
2025-10-11,Father Figure,169,73760,131,,8
2025-10-11,CANCELLED!,189,71084,143,,8
2025-10-12,The Fate of Ophelia,9,240167,9,,9
2025-10-12,Opalite,69,99288,75,,9
2025-10-12,Elizabeth Taylor,108,76755,97,,9
2025-10-12,Father Figure,184,59865,169,,9
2025-10-14,The Fate of Ophelia,6,271629,6,,10
2025-10-14,Opalite,61,105088,58,,10
2025-10-14,Elizabeth Taylor,104,80968,96,,10
2025-10-14,Father Figure,185,63045,156,,10
2025-10-15,The Fate of Ophelia,11,271422,6,,11
2025-10-15,Opalite,79,101841,61,,11
2025-10-15,Elizabeth Taylor,139,75121,104,,11
2025-10-16,The Fate of Ophelia,6,258450,11,,12
2025-10-16,Opalite,78,94227,79,,12
2025-10-16,Elizabeth Taylor,149,69747,139,,12
2025-10-17,The Fate of Ophelia,11,265370,6,,13
2025-10-17,Opalite,102,92292,78,,13
2025-10-17,Elizabeth Taylor,193,69879,149,,13
2025-10-18,The Fate of Ophelia,16,250073,11,,14
2025-10-18,Opalite,136,81318,102,,14
2025-10-19,The Fate of Ophelia,18,199592,16,,15
2025-10-19,Opalite,143,66103,136,,15
2025-10-20,The Fate of Ophelia,14,237670,18,,16
2025-10-20,Opalite,123,78021,143,,16
2025-10-21,The Fate of Ophelia,14,233415,14,,17
2025-10-21,Opalite,141,72546,123,,17
2025-10-22,The Fate of Ophelia,14,230303,14,,18
2025-10-22,Opalite,143,71802,141,,18
2025-10-23,The Fate of Ophelia,14,225728,14,,19
2025-10-23,Opalite,164,68717,143,,19
2025-10-24,The Fate of Ophelia,14,243962,14,,20
2025-10-24,Opalite,172,71824,164,,20
2025-10-25,The Fate of Ophelia,15,224742,14,,21
2025-10-26,The Fate of Ophelia,15,187638,15,,22
2025-10-27,The Fate of Ophelia,15,218608,15,,23
2025-10-28,The Fate of Ophelia,14,221636,15,,24
2025-10-29,The Fate of Ophelia,15,216566,14,,25
2025-10-30,The Fate of Ophelia,16,221064,15,,26
2025-10-31,The Fate of Ophelia,16,242392,16,,27
2025-11-01,The Fate of Ophelia,17,207344,16,,28
2025-11-02,The Fate of Ophelia,16,187029,17,,29
2025-11-04,The Fate of Ophelia,7,218186,8,,30
2025-11-04,Opalite,154,67753,186,,21
2025-11-05,The Fate of Ophelia,12,225041,7,,31
2025-11-06,The Fate of Ophelia,7,226272,12,,32
2025-11-07,The Fate of Ophelia,24,252679,7,,33
2025-11-08,The Fate of Ophelia,15,258570,24,,34
2025-11-09,The Fate of Ophelia,10,207196,15,,35
2025-11-10,The Fate of Ophelia,8,244627,10,,36
2025-11-11,The Fate of Ophelia,8,229173,8,,37
2025-11-12,The Fate of Ophelia,8,244835,8,,38
2025-11-13,The Fate of Ophelia,6,238025,8,,39
2025-11-14,The Fate of Ophelia,8,251036,6,,40
2025-11-15,The Fate of Ophelia,12,253735,8,,41
2025-11-16,The Fate of Ophelia,9,199736,12,,42
2025-11-17,The Fate of Ophelia,8,228664,9,,43
2025-11-18,The Fate of Ophelia,8,229361,8,,44
2025-11-19,The Fate of Ophelia,8,234175,8,,45
2025-11-20,The Fate of Ophelia,8,231665,8,,46
2025-11-21,The Fate of Ophelia,8,247146,8,,47
2025-11-22,The Fate of Ophelia,9,249744,8,,48
2025-11-23,The Fate of Ophelia,9,196298,9,,49
2025-11-24,The Fate of Ophelia,8,225480,9,,50
2025-11-25,The Fate of Ophelia,6,231524,8,,51
2025-11-26,The Fate of Ophelia,6,238825,6,,52
2025-11-27,The Fate of Ophelia,6,231529,6,,53
2025-11-28,The Fate of Ophelia,7,257838,6,,54
2025-11-29,The Fate of Ophelia,11,252080,7,,55
2025-11-30,The Fate of Ophelia,8,202903,11,,56
2025-12-01,The Fate of Ophelia,7,223006,8,,57
2025-12-02,The Fate of Ophelia,8,225172,7,,58
2025-12-03,The Fate of Ophelia,8,233917,8,,59
2025-12-04,The Fate of Ophelia,8,221604,8,,60
2025-12-05,The Fate of Ophelia,7,241069,8,,61
2025-12-06,The Fate of Ophelia,10,242895,7,,62
2025-12-07,The Fate of Ophelia,9,199469,10,,63
2025-12-08,The Fate of Ophelia,7,227446,9,,64
2025-12-09,The Fate of Ophelia,6,233723,7,,65
2025-12-10,The Fate of Ophelia,7,239145,6,,66
2025-12-11,The Fate of Ophelia,7,236252,7,,67
2025-12-12,The Fate of Ophelia,7,262071,7,,68
2025-12-13,The Fate of Ophelia,7,269050,7,,69
2025-12-14,The Fate of Ophelia,7,211553,7,,70
2025-12-15,The Fate of Ophelia,7,235723,7,,71
2025-12-16,The Fate of Ophelia,7,238095,7,,72
2025-12-17,The Fate of Ophelia,7,246004,7,,73
2025-12-18,The Fate of Ophelia,7,241752,7,,74
2025-12-19,The Fate of Ophelia,8,264958,7,,75
2025-12-20,The Fate of Ophelia,8,274593,8,,76
2025-12-21,The Fate of Ophelia,9,227024,8,,77
2025-12-22,The Fate of Ophelia,7,261869,9,,78
2025-12-23,The Fate of Ophelia,7,265314,7,,79
2025-12-24,The Fate of Ophelia,34,295880,7,,80
2025-12-25,The Fate of Ophelia,25,189223,34,,81
2025-12-26,The Fate of Ophelia,8,232223,25,,82
2025-12-27,The Fate of Ophelia,8,240531,8,,83
2025-12-28,The Fate of Ophelia,9,209855,8,,84
2025-12-29,The Fate of Ophelia,6,243087,9,,85
2025-12-30,The Fate of Ophelia,7,251580,6,,86
2025-12-31,The Fate of Ophelia,8,374317,7,,87
2026-01-01,The Fate of Ophelia,9,188568,8,,88
2026-01-02,The Fate of Ophelia,9,237973,9,,89
2026-01-03,The Fate of Ophelia,8,241078,9,,90
2026-01-04,The Fate of Ophelia,9,204383,8,,91
2026-01-05,The Fate of Ophelia,9,224778,9,,92
2026-01-06,The Fate of Ophelia,10,218576,9,,93
2026-01-07,The Fate of Ophelia,10,219736,10,,94
2026-01-08,The Fate of Ophelia,10,230386,10,,95
2026-01-09,The Fate of Ophelia,25,262444,10,,96
2026-01-10,The Fate of Ophelia,12,270003,25,,97
2026-01-11,The Fate of Ophelia,12,216994,12,,98
2026-01-12,The Fate of Ophelia,14,232056,12,,99
2026-01-13,The Fate of Ophelia,12,234297,14,,100
2026-01-14,The Fate of Ophelia,12,239592,12,,101
2026-01-15,The Fate of Ophelia,12,227018,12,,102
2026-01-16,The Fate of Ophelia,14,235643,12,,103
2026-01-17,The Fate of Ophelia,14,250696,14,,104
2026-01-18,The Fate of Ophelia,15,186944,14,,105
2026-01-19,The Fate of Ophelia,13,204716,15,,106
2026-01-20,The Fate of Ophelia,14,208306,13,,107
2026-01-21,The Fate of Ophelia,14,219115,14,,108
2026-01-22,The Fate of Ophelia,14,209321,14,,109
2026-01-23,The Fate of Ophelia,15,223761,14,,110
2026-01-24,The Fate of Ophelia,14,235606,15,,111
2026-01-25,The Fate of Ophelia,15,187980,14,,112
2026-01-26,The Fate of Ophelia,15,196609,15,,113
2026-01-28,The Fate of Ophelia,15,213795,15,,114
2026-01-29,The Fate of Ophelia,15,203064,15,,115
2026-01-30,The Fate of Ophelia,15,217023,15,,116
2026-01-31,The Fate of Ophelia,16,230023,15,,117
2026-02-01,The Fate of Ophelia,17,179556,16,,118
2026-02-02,The Fate of Ophelia,16,188157,17,,119
2026-02-03,The Fate of Ophelia,16,189767,16,,120
2026-02-04,The Fate of Ophelia,16,202975,16,,121
2026-02-06,The Fate of Ophelia,18,209814,16,,122
2026-02-06,Opalite,59,123266,196,,22
2026-02-07,The Fate of Ophelia,15,228174,18,,123
2026-02-07,Opalite,75,109217,59,,23
2026-02-08,The Fate of Ophelia,17,175271,15,,124
2026-02-08,Opalite,104,75847,75,,24
2026-02-09,The Fate of Ophelia,23,180283,17,,125
2026-02-09,Opalite,124,75848,104,,25
2026-02-10,The Fate of Ophelia,24,179003,23,,126
2026-02-10,Opalite,124,74030,124,,26
2026-02-11,The Fate of Ophelia,23,187158,24,,127
2026-02-11,Opalite,136,74373,124,,27
2026-02-12,The Fate of Ophelia,23,175517,23,,128
2026-02-12,Opalite,136,72152,136,,28
2026-02-13,The Fate of Ophelia,23,197769,23,,129
2026-02-13,Opalite,141,80546,136,,29
2026-02-14,The Fate of Ophelia,23,199578,23,,130
2026-02-14,Opalite,138,83374,141,,30
2026-02-15,The Fate of Ophelia,24,153412,23,,131
2026-02-15,Opalite,176,57764,138,,31
2026-02-16,The Fate of Ophelia,26,174124,24,,132
2026-02-16,Opalite,153,69289,176,,32
2026-02-17,The Fate of Ophelia,24,178780,26,,133
2026-02-17,Opalite,151,71715,153,,33
2026-02-18,The Fate of Ophelia,23,172239,24,,134
2026-02-18,Opalite,150,68270,151,,34
2026-02-19,The Fate of Ophelia,23,168846,23,,135
2026-02-19,Opalite,145,67233,150,,35
2026-02-20,The Fate of Ophelia,23,186724,23,,136
2026-02-20,Opalite,152,72423,145,,36
2026-02-21,The Fate of Ophelia,21,192562,23,,137
2026-02-21,Opalite,141,73631,152,,37
2026-02-22,The Fate of Ophelia,19,151942,21,,138
2026-02-22,Opalite,164,55878,141,,38
2026-02-23,The Fate of Ophelia,20,168619,19,,139
2026-02-23,Opalite,144,66331,164,,39
2026-02-24,The Fate of Ophelia,21,175304,20,,140
2026-02-24,Opalite,140,68773,144,,40
2026-02-25,The Fate of Ophelia,22,178671,21,,141
2026-02-25,Opalite,154,68744,140,,41
2026-02-26,The Fate of Ophelia,22,177479,22,,142
2026-02-26,Opalite,151,68235,154,,42
2026-02-27,The Fate of Ophelia,21,192080,22,,143
2026-02-27,Opalite,143,74606,151,,43
2026-02-28,The Fate of Ophelia,19,198607,21,,144
2026-02-28,Opalite,137,75960,143,,44
2026-03-01,The Fate of Ophelia,23,156668,19,,145
2026-03-01,Opalite,162,59916,137,,45
2026-03-02,The Fate of Ophelia,21,162572,23,,146
2026-03-02,Opalite,149,63999,162,,46
2026-03-03,The Fate of Ophelia,21,165553,21,,147
2026-03-03,Opalite,143,66262,149,,47
2026-03-04,The Fate of Ophelia,19,172227,21,,148
2026-03-04,Opalite,158,68090,143,,48
2026-03-05,The Fate of Ophelia,22,161811,19,,149
2026-03-05,Opalite,154,65805,158,,49
2026-03-06,The Fate of Ophelia,23,172922,22,,150
2026-03-06,Opalite,185,65992,154,,50
2026-03-07,The Fate of Ophelia,21,187208,23,,151
2026-03-07,Opalite,171,69419,185,,51
2026-03-08,The Fate of Ophelia,26,149126,21,,152
2026-03-16,The Fate of Ophelia,37,141310,36,2,165
2026-03-16,Opalite,194,59210,,8,62
2026-03-17,The Fate of Ophelia,32,151592,37.0,2,166.0
2026-03-17,Opalite,181,65314,194.0,8,63.0
2026-03-18,The Fate of Ophelia,36,159060,32.0,2,167.0
2026-03-18,Opalite,195,66525,181.0,8,
2026-03-19,The Fate of Ophelia,32,155224,36.0,2,168.0
2026-03-19,Opalite,173,66291,195.0,8,65.0
